{
  "id": "1653342",
  "name": "yach 风格迭代 图形库",
  "font_family": "iconfont-yach",
  "css_prefix_text": "yach-",
  "description": "风格迭代 图标库",
  "glyphs": [
    {
      "icon_id": "17830472",
      "name": "149沟通-会话窗口-部门会议",
      "font_class": "149goutong-huihuachuangkou-bumenhuiyi",
      "unicode": "e7cb",
      "unicode_decimal": 59339
    },
    {
      "icon_id": "17773729",
      "name": "上传后通知",
      "font_class": "shangchuanhoutongzhi",
      "unicode": "e7c7",
      "unicode_decimal": 59335
    },
    {
      "icon_id": "17773730",
      "name": "开启通知下拉",
      "font_class": "kaiqitongzhixiala",
      "unicode": "e7c8",
      "unicode_decimal": 59336
    },
    {
      "icon_id": "17773731",
      "name": "文件-更多操作",
      "font_class": "wenjian-gengduocaozuo",
      "unicode": "e7c9",
      "unicode_decimal": 59337
    },
    {
      "icon_id": "17773732",
      "name": "上线后通知外轮廓",
      "font_class": "shangxianhoutongzhiwailunkuo",
      "unicode": "e7ca",
      "unicode_decimal": 59338
    },
    {
      "icon_id": "17772855",
      "name": "149_向下箭头",
      "font_class": "149_xiangxiajiantou",
      "unicode": "e7c6",
      "unicode_decimal": 59334
    },
    {
      "icon_id": "17735521",
      "name": "删除",
      "font_class": "shanchu3",
      "unicode": "e7af",
      "unicode_decimal": 59311
    },
    {
      "icon_id": "17735522",
      "name": "编辑",
      "font_class": "bianji1",
      "unicode": "e7b0",
      "unicode_decimal": 59312
    },
    {
      "icon_id": "17735523",
      "name": "勾选",
      "font_class": "gouxuan",
      "unicode": "e7b2",
      "unicode_decimal": 59314
    },
    {
      "icon_id": "17735524",
      "name": "日期",
      "font_class": "riqi",
      "unicode": "e7b4",
      "unicode_decimal": 59316
    },
    {
      "icon_id": "17735448",
      "name": "添加表情",
      "font_class": "tianjiabiaoqing",
      "unicode": "e7b1",
      "unicode_decimal": 59313
    },
    {
      "icon_id": "17735450",
      "name": "添加",
      "font_class": "tianjia",
      "unicode": "e7b3",
      "unicode_decimal": 59315
    },
    {
      "icon_id": "17735452",
      "name": "编辑",
      "font_class": "bianji",
      "unicode": "e7c5",
      "unicode_decimal": 59333
    },
    {
      "icon_id": "17734966",
      "name": "修改",
      "font_class": "xiugai",
      "unicode": "e7ae",
      "unicode_decimal": 59310
    },
    {
      "icon_id": "17729941",
      "name": "149_入群验证_通知",
      "font_class": "149_ruqunyanzheng_tongzhi",
      "unicode": "e7a8",
      "unicode_decimal": 59304
    },
    {
      "icon_id": "17729942",
      "name": "149_消息速览_@我的",
      "font_class": "149_xiaoxisulan_wode",
      "unicode": "e7a9",
      "unicode_decimal": 59305
    },
    {
      "icon_id": "17729943",
      "name": "149_消息速览_收起",
      "font_class": "149_xiaoxisulan_shouqi",
      "unicode": "e7aa",
      "unicode_decimal": 59306
    },
    {
      "icon_id": "17729944",
      "name": "149_消息速览_稍后处理",
      "font_class": "149_xiaoxisulan_shaohouchuli",
      "unicode": "e7ab",
      "unicode_decimal": 59307
    },
    {
      "icon_id": "17729945",
      "name": "149_消息速览_红包",
      "font_class": "149_xiaoxisulan_hongbao",
      "unicode": "e7ac",
      "unicode_decimal": 59308
    },
    {
      "icon_id": "17729981",
      "name": "149_消息速览_已处理",
      "font_class": "149_xiaoxisulan_yichuli",
      "unicode": "e7ad",
      "unicode_decimal": 59309
    },
    {
      "icon_id": "17689192",
      "name": "小手下",
      "font_class": "xiaoshouxia",
      "unicode": "e7a6",
      "unicode_decimal": 59302
    },
    {
      "icon_id": "17689193",
      "name": "小手上",
      "font_class": "xiaoshoushang",
      "unicode": "e7a7",
      "unicode_decimal": 59303
    },
    {
      "icon_id": "17687784",
      "name": "149_zaixianwendang_shouye_zhishikuicon",
      "font_class": "149_zaixianwendang_shouye_zhishikuicon1",
      "unicode": "e7b6",
      "unicode_decimal": 59318
    },
    {
      "icon_id": "17687785",
      "name": "149_zaixianwendang_zhishiku-dingbutonglan-sousuo",
      "font_class": "149_zaixianwendang_zhishiku-dingbutonglan-sousuo1",
      "unicode": "e7b7",
      "unicode_decimal": 59319
    },
    {
      "icon_id": "17687786",
      "name": "149_zaixianwendang_zhishiku-fuceng-quanxianxuanzho",
      "font_class": "149_zaixianwendang_zhishiku-fuceng-quanxianxuanzho",
      "unicode": "e7b8",
      "unicode_decimal": 59320
    },
    {
      "icon_id": "17687787",
      "name": "149_zaixianwendang_zhishiku-sousuo-qingkong",
      "font_class": "149_zaixianwendang_zhishiku-sousuo-qingkong1",
      "unicode": "e7b9",
      "unicode_decimal": 59321
    },
    {
      "icon_id": "17687788",
      "name": "149_zaixianwendang_zhishiku-mulubiaoti-gengduo",
      "font_class": "149_zaixianwendang_zhishiku-mulubiaoti-gengduo1",
      "unicode": "e7ba",
      "unicode_decimal": 59322
    },
    {
      "icon_id": "17687789",
      "name": "149_zaixianwendang_zhishiku-dingbu-xinjianmulu",
      "font_class": "149_zaixianwendang_zhishiku-dingbu-xinjianmulu1",
      "unicode": "e7bb",
      "unicode_decimal": 59323
    },
    {
      "icon_id": "17687790",
      "name": "149_zaixianwendang_zhishiku-muluye-xinjianyijiwend",
      "font_class": "149_zaixianwendang_zhishiku-muluye-xinjianyijiwend",
      "unicode": "e7bc",
      "unicode_decimal": 59324
    },
    {
      "icon_id": "17687791",
      "name": "149_zaixianwendang_zhishiku-muluye-wendangjibiesho",
      "font_class": "149_zaixianwendang_zhishiku-muluye-wendangjibiesho",
      "unicode": "e7bd",
      "unicode_decimal": 59325
    },
    {
      "icon_id": "17687792",
      "name": "149_zaixianwendang_zhishiku-fuceng-guanbi",
      "font_class": "149_zaixianwendang_zhishiku-fuceng-guanbi1",
      "unicode": "e7be",
      "unicode_decimal": 59326
    },
    {
      "icon_id": "17687793",
      "name": "149_zaixianwendang_zhishiku-muluye-wendangjibiezha",
      "font_class": "149_zaixianwendang_zhishiku-muluye-wendangjibiezha",
      "unicode": "e7bf",
      "unicode_decimal": 59327
    },
    {
      "icon_id": "17687794",
      "name": "149_zaixianwendang_zhishiku-muluye-xinzengwendang",
      "font_class": "149_zaixianwendang_zhishiku-muluye-xinzengwendang1",
      "unicode": "e7c0",
      "unicode_decimal": 59328
    },
    {
      "icon_id": "17687795",
      "name": "149_zaixianwendang_zhishiku-fuceng-tianjiarenyuan",
      "font_class": "149_zaixianwendang_zhishiku-fuceng-tianjiarenyuan1",
      "unicode": "e7c1",
      "unicode_decimal": 59329
    },
    {
      "icon_id": "17687796",
      "name": "149_zaixianwendang_zhishikushouye_tonglanlogo",
      "font_class": "149_zaixianwendang_zhishikushouye_tonglanlogo1",
      "unicode": "e7c2",
      "unicode_decimal": 59330
    },
    {
      "icon_id": "17687797",
      "name": "149_zaixianwendang_zhishiku-tongyong-danxuanqi-xua",
      "font_class": "149_zaixianwendang_zhishiku-tongyong-danxuanqi-xua",
      "unicode": "e7c3",
      "unicode_decimal": 59331
    },
    {
      "icon_id": "17687798",
      "name": "149_zaixianwendang_zhishiku-fuceng-renyuanquanxian",
      "font_class": "149_zaixianwendang_zhishiku-fuceng-renyuanquanxian",
      "unicode": "e7c4",
      "unicode_decimal": 59332
    },
    {
      "icon_id": "17687291",
      "name": "文档_页签_新建页签",
      "font_class": "wendang_yeqian_xinjianyeqian",
      "unicode": "e7b5",
      "unicode_decimal": 59317
    },
    {
      "icon_id": "17645037",
      "name": "149沟通-会话窗口-表情",
      "font_class": "149goutong-huihuachuangkou-biaoqing",
      "unicode": "e79e",
      "unicode_decimal": 59294
    },
    {
      "icon_id": "17645038",
      "name": "149沟通-会话窗口-日历",
      "font_class": "149goutong-huihuachuangkou-rili",
      "unicode": "e79f",
      "unicode_decimal": 59295
    },
    {
      "icon_id": "17645039",
      "name": "149沟通-会话窗口-投票",
      "font_class": "149goutong-huihuachuangkou-toupiao",
      "unicode": "e7a0",
      "unicode_decimal": 59296
    },
    {
      "icon_id": "17645040",
      "name": "149沟通-会话窗口-文件",
      "font_class": "149goutong-huihuachuangkou-wenjian",
      "unicode": "e7a1",
      "unicode_decimal": 59297
    },
    {
      "icon_id": "17645041",
      "name": "149沟通-会话窗口-截图",
      "font_class": "149goutong-huihuachuangkou-jietu",
      "unicode": "e7a2",
      "unicode_decimal": 59298
    },
    {
      "icon_id": "17645042",
      "name": "149沟通-会话窗口-会议",
      "font_class": "149goutong-huihuachuangkou-huiyi",
      "unicode": "e7a3",
      "unicode_decimal": 59299
    },
    {
      "icon_id": "17645043",
      "name": "149沟通-会话窗口-提醒",
      "font_class": "149goutong-huihuachuangkou-tixing",
      "unicode": "e7a4",
      "unicode_decimal": 59300
    },
    {
      "icon_id": "17645044",
      "name": "149沟通-会话窗口-todo",
      "font_class": "149goutong-huihuachuangkou-todo",
      "unicode": "e7a5",
      "unicode_decimal": 59301
    },
    {
      "icon_id": "17644607",
      "name": "149沟通-会话窗口-更多icon",
      "font_class": "149goutong-huihuachuangkou-gengduoicon",
      "unicode": "e798",
      "unicode_decimal": 59288
    },
    {
      "icon_id": "17644608",
      "name": "149沟通-会话窗口-会议纪要icon",
      "font_class": "149goutong-huihuachuangkou-huiyijiyaoicon",
      "unicode": "e799",
      "unicode_decimal": 59289
    },
    {
      "icon_id": "17644609",
      "name": "149沟通-会话窗口-公告icon",
      "font_class": "149goutong-huihuachuangkou-gonggaoicon",
      "unicode": "e79a",
      "unicode_decimal": 59290
    },
    {
      "icon_id": "17644610",
      "name": "149沟通-会话窗口-群内搜索icon",
      "font_class": "149goutong-huihuachuangkou-qunneisousuoicon",
      "unicode": "e79b",
      "unicode_decimal": 59291
    },
    {
      "icon_id": "17644611",
      "name": "149沟通-会话窗口-添加联系人icon",
      "font_class": "149goutong-huihuachuangkou-tianjialianxirenicon",
      "unicode": "e79c",
      "unicode_decimal": 59292
    },
    {
      "icon_id": "17644612",
      "name": "149沟通-会话窗口-群文档icon",
      "font_class": "149goutong-huihuachuangkou-qunwendangicon",
      "unicode": "e79d",
      "unicode_decimal": 59293
    },
    {
      "icon_id": "17393360",
      "name": "转发",
      "font_class": "zhuanfa",
      "unicode": "e796",
      "unicode_decimal": 59286
    },
    {
      "icon_id": "17393361",
      "name": "定位",
      "font_class": "dingwei",
      "unicode": "e797",
      "unicode_decimal": 59287
    },
    {
      "icon_id": "17249695",
      "name": "新建标签_新建icon",
      "font_class": "xinjianbiaoqian_xinjianicon",
      "unicode": "e795",
      "unicode_decimal": 59285
    },
    {
      "icon_id": "17223768",
      "name": "149_icon_rili_tixing_quanbutixing",
      "font_class": "149_icon_rili_tixing_quanbutixing",
      "unicode": "e78b",
      "unicode_decimal": 59275
    },
    {
      "icon_id": "17223769",
      "name": "149_icon_rili_tixing_weiduxiaoxi",
      "font_class": "149_icon_rili_tixing_weiduxiaoxi",
      "unicode": "e78c",
      "unicode_decimal": 59276
    },
    {
      "icon_id": "17223770",
      "name": "149_icon_rili_tixing_wofachude",
      "font_class": "149_icon_rili_tixing_wofachude",
      "unicode": "e78d",
      "unicode_decimal": 59277
    },
    {
      "icon_id": "17223771",
      "name": "149_icon_rili_tixing_woshoudaode",
      "font_class": "149_icon_rili_tixing_woshoudaode",
      "unicode": "e78e",
      "unicode_decimal": 59278
    },
    {
      "icon_id": "17223772",
      "name": "149_rili_tixing_tixingbuzhou1",
      "font_class": "149_rili_tixing_tixingbuzhou1",
      "unicode": "e78f",
      "unicode_decimal": 59279
    },
    {
      "icon_id": "17223773",
      "name": "149_rili_tixing_xiangqing_guanbi",
      "font_class": "149_rili_tixing_xiangqing_guanbi",
      "unicode": "e790",
      "unicode_decimal": 59280
    },
    {
      "icon_id": "17223774",
      "name": "149_rili_tixing_xiangqing_chehui",
      "font_class": "149_rili_tixing_xiangqing_chehui",
      "unicode": "e791",
      "unicode_decimal": 59281
    },
    {
      "icon_id": "17223775",
      "name": "149_rili_tixing_tixingbuzhou2",
      "font_class": "149_rili_tixing_tixingbuzhou2",
      "unicode": "e792",
      "unicode_decimal": 59282
    },
    {
      "icon_id": "17223776",
      "name": "149_rili_tixing_xiangqing_shanchu",
      "font_class": "149_rili_tixing_xiangqing_shanchu",
      "unicode": "e793",
      "unicode_decimal": 59283
    },
    {
      "icon_id": "17223777",
      "name": "149_rili_tixing_xiangqing_tianjiaren",
      "font_class": "149_rili_tixing_xiangqing_tianjiaren",
      "unicode": "e794",
      "unicode_decimal": 59284
    },
    {
      "icon_id": "17196906",
      "name": "打开本地",
      "font_class": "dakaibendi",
      "unicode": "e78a",
      "unicode_decimal": 59274
    },
    {
      "icon_id": "17120159",
      "name": "icon_侧导航更多",
      "font_class": "icon_cedaohanggengduo",
      "unicode": "e781",
      "unicode_decimal": 59265
    },
    {
      "icon_id": "17120160",
      "name": "icon_侧导航工作台",
      "font_class": "icon_cedaohanggongzuotai",
      "unicode": "e782",
      "unicode_decimal": 59266
    },
    {
      "icon_id": "17120161",
      "name": "icon_侧导航消息",
      "font_class": "icon_cedaohangxiaoxi",
      "unicode": "e783",
      "unicode_decimal": 59267
    },
    {
      "icon_id": "17120162",
      "name": "icon_侧导航邮箱",
      "font_class": "icon_cedaohangyouxiang",
      "unicode": "e784",
      "unicode_decimal": 59268
    },
    {
      "icon_id": "17120163",
      "name": "icon_侧导航日历",
      "font_class": "icon_cedaohangrili",
      "unicode": "e785",
      "unicode_decimal": 59269
    },
    {
      "icon_id": "17120164",
      "name": "icon_侧导航文档",
      "font_class": "icon_cedaohangwendang",
      "unicode": "e786",
      "unicode_decimal": 59270
    },
    {
      "icon_id": "17120165",
      "name": "icon_侧导航用户反馈",
      "font_class": "icon_cedaohangyonghufankui",
      "unicode": "e787",
      "unicode_decimal": 59271
    },
    {
      "icon_id": "17120166",
      "name": "icon_侧导航在线会议",
      "font_class": "icon_cedaohangzaixianhuiyi",
      "unicode": "e788",
      "unicode_decimal": 59272
    },
    {
      "icon_id": "17120168",
      "name": "icon_侧导航未来人",
      "font_class": "icon_cedaohangweilairen",
      "unicode": "e789",
      "unicode_decimal": 59273
    },
    {
      "icon_id": "17080743",
      "name": "pc-消息列表发送失败",
      "font_class": "pc-xiaoxiliebiaofasongshibai",
      "unicode": "e780",
      "unicode_decimal": 59264
    },
    {
      "icon_id": "17079750",
      "name": "pc分组管理弹窗-关闭",
      "font_class": "pcfenzuguanlidanchuang-guanbi",
      "unicode": "e778",
      "unicode_decimal": 59256
    },
    {
      "icon_id": "17079751",
      "name": "pc分组管理弹窗-完成",
      "font_class": "pcfenzuguanlidanchuang-wancheng",
      "unicode": "e77a",
      "unicode_decimal": 59258
    },
    {
      "icon_id": "17079752",
      "name": "pc分组管理弹窗-删除",
      "font_class": "pcfenzuguanlidanchuang-shanchu",
      "unicode": "e77b",
      "unicode_decimal": 59259
    },
    {
      "icon_id": "17079753",
      "name": "pc分组管理弹窗-编辑",
      "font_class": "pcfenzuguanlidanchuang-bianji",
      "unicode": "e77c",
      "unicode_decimal": 59260
    },
    {
      "icon_id": "17079754",
      "name": "pc分组管理弹窗-拖动",
      "font_class": "pcfenzuguanlidanchuang-tuodong",
      "unicode": "e77d",
      "unicode_decimal": 59261
    },
    {
      "icon_id": "17079755",
      "name": "pc分组管理弹窗-取消",
      "font_class": "pcfenzuguanlidanchuang-quxiao",
      "unicode": "e77e",
      "unicode_decimal": 59262
    },
    {
      "icon_id": "17079756",
      "name": "pc消息列表-分组管理",
      "font_class": "pcxiaoxiliebiao-fenzuguanli",
      "unicode": "e77f",
      "unicode_decimal": 59263
    },
    {
      "icon_id": "17072866",
      "name": "转发",
      "font_class": "zhuanfa1",
      "unicode": "e779",
      "unicode_decimal": 59257
    },
    {
      "icon_id": "17072764",
      "name": "跳转会话",
      "font_class": "tiaozhuanhuihua",
      "unicode": "e777",
      "unicode_decimal": 59255
    },
    {
      "icon_id": "17069966",
      "name": "下载",
      "font_class": "xiazai1",
      "unicode": "e776",
      "unicode_decimal": 59254
    },
    {
      "icon_id": "16896326",
      "name": "关闭",
      "font_class": "guanbi",
      "unicode": "e775",
      "unicode_decimal": 59253
    },
    {
      "icon_id": "16850293",
      "name": "价值观代言-编辑替换",
      "font_class": "jiazhiguandaiyan-bianjitihuan",
      "unicode": "e774",
      "unicode_decimal": 59252
    },
    {
      "icon_id": "16621109",
      "name": "pc投票-展开",
      "font_class": "pctoupiao-zhankai",
      "unicode": "e772",
      "unicode_decimal": 59250
    },
    {
      "icon_id": "16621110",
      "name": "pc投票-收起",
      "font_class": "pctoupiao-shouqi",
      "unicode": "e773",
      "unicode_decimal": 59251
    },
    {
      "icon_id": "16603212",
      "name": "更多功能",
      "font_class": "gengduogongneng",
      "unicode": "e769",
      "unicode_decimal": 59241
    },
    {
      "icon_id": "16603213",
      "name": "分组管理",
      "font_class": "fenzuguanli",
      "unicode": "e770",
      "unicode_decimal": 59248
    },
    {
      "icon_id": "16603202",
      "name": "重命名",
      "font_class": "zhongmingming1",
      "unicode": "e768",
      "unicode_decimal": 59240
    },
    {
      "icon_id": "16603064",
      "name": "删除",
      "font_class": "shanchu2",
      "unicode": "e76a",
      "unicode_decimal": 59242
    },
    {
      "icon_id": "16603065",
      "name": "添加会话",
      "font_class": "tianjiahuihua",
      "unicode": "e76b",
      "unicode_decimal": 59243
    },
    {
      "icon_id": "16603066",
      "name": "拖拽",
      "font_class": "tuozhuai",
      "unicode": "e76c",
      "unicode_decimal": 59244
    },
    {
      "icon_id": "16603067",
      "name": "刷新",
      "font_class": "shuaxin",
      "unicode": "e76d",
      "unicode_decimal": 59245
    },
    {
      "icon_id": "16603068",
      "name": "右箭头",
      "font_class": "youjiantou",
      "unicode": "e76e",
      "unicode_decimal": 59246
    },
    {
      "icon_id": "16603070",
      "name": "左箭头",
      "font_class": "zuojiantou",
      "unicode": "e76f",
      "unicode_decimal": 59247
    },
    {
      "icon_id": "16603114",
      "name": "选中",
      "font_class": "xuanzhong1",
      "unicode": "e771",
      "unicode_decimal": 59249
    },
    {
      "icon_id": "16568132",
      "name": "pc投票组件-发起投票-删除选项",
      "font_class": "pctoupiaozujian-faqitoupiao-shanchuxuanxiang",
      "unicode": "e766",
      "unicode_decimal": 59238
    },
    {
      "icon_id": "16568133",
      "name": "pc投票组件-发起投票-添加选项",
      "font_class": "pctoupiaozujian-faqitoupiao-tianjiaxuanxiang",
      "unicode": "e767",
      "unicode_decimal": 59239
    },
    {
      "icon_id": "16560046",
      "name": "线上直播室",
      "font_class": "xianshangzhiboshi",
      "unicode": "e764",
      "unicode_decimal": 59236
    },
    {
      "icon_id": "16560047",
      "name": "线上会议室",
      "font_class": "xianshanghuiyishi",
      "unicode": "e765",
      "unicode_decimal": 59237
    },
    {
      "icon_id": "16552164",
      "name": "147_richeng_tanchuang_weixuanzhong",
      "font_class": "147_richeng_tanchuang_weixuanzhong",
      "unicode": "e761",
      "unicode_decimal": 59233
    },
    {
      "icon_id": "16552165",
      "name": "147_richeng_tanchuang_xuanzhong",
      "font_class": "147_richeng_tanchuang_xuanzhong",
      "unicode": "e762",
      "unicode_decimal": 59234
    },
    {
      "icon_id": "16552134",
      "name": "147_huihua_richeng_moren",
      "font_class": "147_huihua_richeng_moren",
      "unicode": "e760",
      "unicode_decimal": 59232
    },
    {
      "icon_id": "16551927",
      "name": "147_huihua_jieping_moren",
      "font_class": "147_huihua_jieping_moren",
      "unicode": "e754",
      "unicode_decimal": 59220
    },
    {
      "icon_id": "16551928",
      "name": "147_huihua_fasongwenjian_moren",
      "font_class": "147_huihua_fasongwenjian_moren",
      "unicode": "e755",
      "unicode_decimal": 59221
    },
    {
      "icon_id": "16551929",
      "name": "147_huihua_bumenqun_moren",
      "font_class": "147_huihua_bumenqun_moren",
      "unicode": "e756",
      "unicode_decimal": 59222
    },
    {
      "icon_id": "16551930",
      "name": "147_huihua_tixing_moren",
      "font_class": "147_huihua_tixing_moren",
      "unicode": "e757",
      "unicode_decimal": 59223
    },
    {
      "icon_id": "16551931",
      "name": "147_huihua_biaoqing_moren",
      "font_class": "147_huihua_biaoqing_moren",
      "unicode": "e758",
      "unicode_decimal": 59224
    },
    {
      "icon_id": "16551932",
      "name": "147_huihua_shipin_moren",
      "font_class": "147_huihua_shipin_moren",
      "unicode": "e759",
      "unicode_decimal": 59225
    },
    {
      "icon_id": "16551933",
      "name": "147_huihua_Todo_moren",
      "font_class": "147_huihua_Todo_moren",
      "unicode": "e75a",
      "unicode_decimal": 59226
    },
    {
      "icon_id": "16551466",
      "name": "147_richeng_zhuchiren",
      "font_class": "147_richeng_zhuchiren",
      "unicode": "e75e",
      "unicode_decimal": 59230
    },
    {
      "icon_id": "16551467",
      "name": "147_richeng_faqiren",
      "font_class": "147_richeng_faqiren",
      "unicode": "e75f",
      "unicode_decimal": 59231
    },
    {
      "icon_id": "16542952",
      "name": "icon_huihua_toupiao",
      "font_class": "icon_huihua_toupiao",
      "unicode": "e75d",
      "unicode_decimal": 59229
    },
    {
      "icon_id": "16482353",
      "name": "147-icon-提醒-闪电",
      "font_class": "147-icon-tixing-shandian",
      "unicode": "e75c",
      "unicode_decimal": 59228
    },
    {
      "icon_id": "16383166",
      "name": "沟通-会话窗口-群内搜索icon-默认 ",
      "font_class": "goutong-huihuachuangkou-qunneisousuoicon-moren2",
      "unicode": "e75b",
      "unicode_decimal": 59227
    },
    {
      "icon_id": "16210866",
      "name": "pc群设置-编辑群名称icon",
      "font_class": "pcqunshezhi-bianjiqunmingchengicon",
      "unicode": "e753",
      "unicode_decimal": 59219
    },
    {
      "icon_id": "15894559",
      "name": "分享@1x",
      "font_class": "fenxiang1x",
      "unicode": "e752",
      "unicode_decimal": 59218
    },
    {
      "icon_id": "16059562",
      "name": "返回",
      "font_class": "fanhui",
      "unicode": "e751",
      "unicode_decimal": 59217
    },
    {
      "icon_id": "16051319",
      "name": "确认",
      "font_class": "queren",
      "unicode": "e74c",
      "unicode_decimal": 59212
    },
    {
      "icon_id": "16051320",
      "name": "分享",
      "font_class": "fenxiang1",
      "unicode": "e74d",
      "unicode_decimal": 59213
    },
    {
      "icon_id": "16051321",
      "name": "取消",
      "font_class": "quxiao1",
      "unicode": "e74e",
      "unicode_decimal": 59214
    },
    {
      "icon_id": "16051322",
      "name": "删除",
      "font_class": "shanchu1",
      "unicode": "e74f",
      "unicode_decimal": 59215
    },
    {
      "icon_id": "16051323",
      "name": "重命名",
      "font_class": "zhongmingming",
      "unicode": "e750",
      "unicode_decimal": 59216
    },
    {
      "icon_id": "16033139",
      "name": "群文档",
      "font_class": "qunwendang",
      "unicode": "e74b",
      "unicode_decimal": 59211
    },
    {
      "icon_id": "15954919",
      "name": "0604-日历-日程详情侧滑-进入直播",
      "font_class": "0604-rili-richengxiangqingcehua-jinruzhibo",
      "unicode": "e749",
      "unicode_decimal": 59209
    },
    {
      "icon_id": "15954920",
      "name": "0604-日历-日程详情小卡片-发起人",
      "font_class": "0604-rili-richengxiangqingxiaokapian-faqiren",
      "unicode": "e74a",
      "unicode_decimal": 59210
    },
    {
      "icon_id": "15940811",
      "name": "邮箱",
      "font_class": "youxiang",
      "unicode": "e746",
      "unicode_decimal": 59206
    },
    {
      "icon_id": "15940813",
      "name": "邮箱_刷新",
      "font_class": "youxiang_shuaxin",
      "unicode": "e747",
      "unicode_decimal": 59207
    },
    {
      "icon_id": "15940822",
      "name": "邮箱_设置",
      "font_class": "youxiang_shezhi",
      "unicode": "e748",
      "unicode_decimal": 59208
    },
    {
      "icon_id": "15844696",
      "name": "pc未来人-我的伙伴icon",
      "font_class": "pcweilairen-wodehuobanicon",
      "unicode": "e745",
      "unicode_decimal": 59205
    },
    {
      "icon_id": "15837476",
      "name": "pc未来人-我的伙伴-分组引导",
      "font_class": "pcweilairen-wodehuoban-fenzuyindao",
      "unicode": "e744",
      "unicode_decimal": 59204
    },
    {
      "icon_id": "15828902",
      "name": "未来人-我的伙伴-删除分组",
      "font_class": "weilairen-wodehuoban-shanchufenzu",
      "unicode": "e73e",
      "unicode_decimal": 59198
    },
    {
      "icon_id": "15828903",
      "name": "未来人-我的伙伴-添加分组",
      "font_class": "weilairen-wodehuoban-tianjiafenzu",
      "unicode": "e73f",
      "unicode_decimal": 59199
    },
    {
      "icon_id": "15828904",
      "name": "pc端个人中心-周报icon",
      "font_class": "pcduangerenzhongxin-zhoubaoicon",
      "unicode": "e740",
      "unicode_decimal": 59200
    },
    {
      "icon_id": "15828905",
      "name": "未来人-我的伙伴-添加成员",
      "font_class": "weilairen-wodehuoban-tianjiachengyuan",
      "unicode": "e741",
      "unicode_decimal": 59201
    },
    {
      "icon_id": "15828906",
      "name": "未来人-我的伙伴-重命名分组",
      "font_class": "weilairen-wodehuoban-zhongmingmingfenzu",
      "unicode": "e742",
      "unicode_decimal": 59202
    },
    {
      "icon_id": "15828907",
      "name": "未来人-我的伙伴-我的关注列表-删除",
      "font_class": "weilairen-wodehuoban-wodeguanzhuliebiao-shanchu",
      "unicode": "e743",
      "unicode_decimal": 59203
    },
    {
      "icon_id": "15819848",
      "name": "沟通-会话窗口-群内搜索icon-默认",
      "font_class": "goutong-huihuachuangkou-qunneisousuoicon-moren1",
      "unicode": "e73d",
      "unicode_decimal": 59197
    },
    {
      "icon_id": "15765864",
      "name": "日程详情-会议纪要",
      "font_class": "richengxiangqing-huiyijiyao",
      "unicode": "e732",
      "unicode_decimal": 59186
    },
    {
      "icon_id": "15760302",
      "name": "会议",
      "font_class": "huiyi",
      "unicode": "e73c",
      "unicode_decimal": 59196
    },
    {
      "icon_id": "15691017",
      "name": "pc-未来人-组织架构引导箭头",
      "font_class": "pc-weilairen-zuzhijiagouyindaojiantou",
      "unicode": "e73a",
      "unicode_decimal": 59194
    },
    {
      "icon_id": "15691018",
      "name": "pc-未来人icon",
      "font_class": "pc-weilairenicon",
      "unicode": "e73b",
      "unicode_decimal": 59195
    },
    {
      "icon_id": "15619428",
      "name": "pc端多选转发删除",
      "font_class": "pcduanduoxuanzhuanfashanchu",
      "unicode": "e739",
      "unicode_decimal": 59193
    },
    {
      "icon_id": "15602539",
      "name": "引导-关闭",
      "font_class": "lujing",
      "unicode": "e738",
      "unicode_decimal": 59192
    },
    {
      "icon_id": "15541391",
      "name": "pc-未来人-机器人",
      "font_class": "pc-weilairen-jiqiren",
      "unicode": "e734",
      "unicode_decimal": 59188
    },
    {
      "icon_id": "15541392",
      "name": "pc-未来人-联系人",
      "font_class": "pc-weilairen-lianxiren",
      "unicode": "e735",
      "unicode_decimal": 59189
    },
    {
      "icon_id": "15541393",
      "name": "pc未来人-我的群组",
      "font_class": "pcweilairen-wodequnzu",
      "unicode": "e736",
      "unicode_decimal": 59190
    },
    {
      "icon_id": "15541394",
      "name": "公司 logo",
      "font_class": "gongsilogo",
      "unicode": "e737",
      "unicode_decimal": 59191
    },
    {
      "icon_id": "15418043",
      "name": "日程详情-纪要图标",
      "font_class": "richengxiangqing-jiyaotubiao",
      "unicode": "e731",
      "unicode_decimal": 59185
    },
    {
      "icon_id": "15418045",
      "name": "纪要卡片-时间",
      "font_class": "jiyaokapian-shijian",
      "unicode": "e733",
      "unicode_decimal": 59187
    },
    {
      "icon_id": "15363200",
      "name": "145-icon_提醒_输入区_默认",
      "font_class": "145-icon_tixing_shuruqu_moren",
      "unicode": "e72f",
      "unicode_decimal": 59183
    },
    {
      "icon_id": "15363201",
      "name": "145-icon_日程_输入区_默认",
      "font_class": "145-icon_richeng_shuruqu_moren",
      "unicode": "e730",
      "unicode_decimal": 59184
    },
    {
      "icon_id": "15362812",
      "name": "沟通-未读提示",
      "font_class": "goutong-weidutishi",
      "unicode": "e72d",
      "unicode_decimal": 59181
    },
    {
      "icon_id": "15362813",
      "name": "沟通-已读提示",
      "font_class": "goutong-yidutishi",
      "unicode": "e72e",
      "unicode_decimal": 59182
    },
    {
      "icon_id": "15315890",
      "name": "1.4.5-icon_toast-tongzhi",
      "font_class": "145-icon_toast-tongzhi",
      "unicode": "e72c",
      "unicode_decimal": 59180
    },
    {
      "icon_id": "15290358",
      "name": "145-icon_toast-错误",
      "font_class": "145-icon_toast-cuowu",
      "unicode": "e72b",
      "unicode_decimal": 59179
    },
    {
      "icon_id": "15283021",
      "name": "145-日历-日程详情-日程删除",
      "font_class": "145-rili-richengxiangqing-richengshanchu",
      "unicode": "e727",
      "unicode_decimal": 59175
    },
    {
      "icon_id": "15219576",
      "name": "未来样儿-删除icon",
      "font_class": "weilaiyanger-shanchuicon",
      "unicode": "e726",
      "unicode_decimal": 59174
    },
    {
      "icon_id": "15213071",
      "name": "未来样-发布帖子icon",
      "font_class": "weilaiyang-fabutieziicon",
      "unicode": "e725",
      "unicode_decimal": 59173
    },
    {
      "icon_id": "15213074",
      "name": "未来样儿-pc端点赞交互态",
      "font_class": "weilaiyanger-pcduandianzanjiaohutai",
      "unicode": "e728",
      "unicode_decimal": 59176
    },
    {
      "icon_id": "15213075",
      "name": "未来样儿-pc端评论",
      "font_class": "weilaiyanger-pcduanpinglun",
      "unicode": "e729",
      "unicode_decimal": 59177
    },
    {
      "icon_id": "15213076",
      "name": "未来样儿-pc端点赞常态",
      "font_class": "weilaiyanger-pcduandianzanchangtai",
      "unicode": "e72a",
      "unicode_decimal": 59178
    },
    {
      "icon_id": "15211928",
      "name": "附件添加@1x",
      "font_class": "fujiantianjia1x",
      "unicode": "e724",
      "unicode_decimal": 59172
    },
    {
      "icon_id": "15211779",
      "name": "更多-勾选@1x",
      "font_class": "gengduo-gouxuan1x",
      "unicode": "e71e",
      "unicode_decimal": 59166
    },
    {
      "icon_id": "15211781",
      "name": "更多-勾选蓝@1x",
      "font_class": "gengduo-gouxuanlan1x",
      "unicode": "e71f",
      "unicode_decimal": 59167
    },
    {
      "icon_id": "15211792",
      "name": "默认接收人？@1x",
      "font_class": "morenjieshouren1x",
      "unicode": "e720",
      "unicode_decimal": 59168
    },
    {
      "icon_id": "15211793",
      "name": "群:部门:取消x",
      "font_class": "qunbumenquxiaox",
      "unicode": "e721",
      "unicode_decimal": 59169
    },
    {
      "icon_id": "15211794",
      "name": "接收人-添加@1x",
      "font_class": "jieshouren-tianjia1x",
      "unicode": "e722",
      "unicode_decimal": 59170
    },
    {
      "icon_id": "15211795",
      "name": "接收人-更多@1x",
      "font_class": "jieshouren-gengduo1x",
      "unicode": "e723",
      "unicode_decimal": 59171
    },
    {
      "icon_id": "15150913",
      "name": "页签添加@1x",
      "font_class": "bianzu31x",
      "unicode": "e718",
      "unicode_decimal": 59160
    },
    {
      "icon_id": "15150914",
      "name": "页签关闭@1x",
      "font_class": "guanbi1x",
      "unicode": "e719",
      "unicode_decimal": 59161
    },
    {
      "icon_id": "15150915",
      "name": "收起@1x",
      "font_class": "lujing51x",
      "unicode": "e71a",
      "unicode_decimal": 59162
    },
    {
      "icon_id": "15150917",
      "name": "放弃下载",
      "font_class": "xingzhuangjiehebeifen71x",
      "unicode": "e71b",
      "unicode_decimal": 59163
    },
    {
      "icon_id": "15150918",
      "name": "展开@1x",
      "font_class": "lujing41x",
      "unicode": "e71c",
      "unicode_decimal": 59164
    },
    {
      "icon_id": "15151205",
      "name": "移除下载@1x",
      "font_class": "lujing141x",
      "unicode": "e71d",
      "unicode_decimal": 59165
    },
    {
      "icon_id": "15140114",
      "name": "线上会议",
      "font_class": "xianshanghuiyi",
      "unicode": "e717",
      "unicode_decimal": 59159
    },
    {
      "icon_id": "15082133",
      "name": "未读消息提醒pc端",
      "font_class": "weiduxiaoxitixingpcduan",
      "unicode": "e716",
      "unicode_decimal": 59158
    },
    {
      "icon_id": "15011750",
      "name": "分享",
      "font_class": "fenxiang",
      "unicode": "e712",
      "unicode_decimal": 59154
    },
    {
      "icon_id": "15011751",
      "name": "文件",
      "font_class": "wenjian",
      "unicode": "e713",
      "unicode_decimal": 59155
    },
    {
      "icon_id": "15011753",
      "name": "下载",
      "font_class": "xiazai",
      "unicode": "e714",
      "unicode_decimal": 59156
    },
    {
      "icon_id": "15011769",
      "name": "取消",
      "font_class": "quxiao",
      "unicode": "e715",
      "unicode_decimal": 59157
    },
    {
      "icon_id": "14844061",
      "name": "pc端进入会议室卡片-左侧图标",
      "font_class": "pcduanjinruhuiyishikapian-zuocetubiao",
      "unicode": "e711",
      "unicode_decimal": 59153
    },
    {
      "icon_id": "14783260",
      "name": "提示",
      "font_class": "tishi1",
      "unicode": "e710",
      "unicode_decimal": 59152
    },
    {
      "icon_id": "14600369",
      "name": "展开",
      "font_class": "zhankai",
      "unicode": "e70e",
      "unicode_decimal": 59150
    },
    {
      "icon_id": "14600370",
      "name": "收起",
      "font_class": "shouqi",
      "unicode": "e70f",
      "unicode_decimal": 59151
    },
    {
      "icon_id": "14511190",
      "name": "pc群设置测滑-删除群成员",
      "font_class": "pcqunshezhicehua-shanchuqunchengyuan",
      "unicode": "e70d",
      "unicode_decimal": 59149
    },
    {
      "icon_id": "14490770",
      "name": "选中",
      "font_class": "xuanzhong",
      "unicode": "e70c",
      "unicode_decimal": 59148
    },
    {
      "icon_id": "14490737",
      "name": "未选中",
      "font_class": "weixuanzhong",
      "unicode": "e70b",
      "unicode_decimal": 59147
    },
    {
      "icon_id": "14490668",
      "name": "退出登录",
      "font_class": "tuichudenglu",
      "unicode": "e707",
      "unicode_decimal": 59143
    },
    {
      "icon_id": "14490641",
      "name": "一键清理",
      "font_class": "yijianqingli",
      "unicode": "e709",
      "unicode_decimal": 59145
    },
    {
      "icon_id": "14490635",
      "name": "快捷键",
      "font_class": "kuaijiejian",
      "unicode": "e706",
      "unicode_decimal": 59142
    },
    {
      "icon_id": "14490637",
      "name": "通知",
      "font_class": "tongzhi",
      "unicode": "e708",
      "unicode_decimal": 59144
    },
    {
      "icon_id": "14490639",
      "name": "通用",
      "font_class": "tongyong",
      "unicode": "e70a",
      "unicode_decimal": 59146
    },
    {
      "icon_id": "13360528",
      "name": "协作-新建日程-线上会议-问号",
      "font_class": "xiezuo-xinjianricheng-xianshanghuiyi-wenhao",
      "unicode": "e705",
      "unicode_decimal": 59141
    },
    {
      "icon_id": "13360525",
      "name": "协作-日程-详情-时间",
      "font_class": "xiezuo-richeng-xiangqing-shijian",
      "unicode": "e703",
      "unicode_decimal": 59139
    },
    {
      "icon_id": "13360479",
      "name": "协作-日程-日程小卡-重复icon",
      "font_class": "xiezuo-richeng-richengxiaoka-zhongfuicon",
      "unicode": "e704",
      "unicode_decimal": 59140
    },
    {
      "icon_id": "13360522",
      "name": "协作-日程-详情-线上会议",
      "font_class": "xiezuo-richeng-xiangqing-xianshanghuiyi",
      "unicode": "e702",
      "unicode_decimal": 59138
    },
    {
      "icon_id": "13360521",
      "name": "协作-日程-详情-参与人",
      "font_class": "xiezuo-richeng-xiangqing-canyuren",
      "unicode": "e701",
      "unicode_decimal": 59137
    },
    {
      "icon_id": "13360514",
      "name": "协作-日程-详情-日会",
      "font_class": "xiezuo-richeng-xiangqing-rihui",
      "unicode": "e6ff",
      "unicode_decimal": 59135
    },
    {
      "icon_id": "13360515",
      "name": "协作-日程-详情-提醒",
      "font_class": "xiezuo-richeng-xiangqing-tixing",
      "unicode": "e700",
      "unicode_decimal": 59136
    },
    {
      "icon_id": "13360510",
      "name": "协作-日程-详情-地点",
      "font_class": "xiezuo-richeng-xiangqing-didian",
      "unicode": "e6fe",
      "unicode_decimal": 59134
    },
    {
      "icon_id": "13360505",
      "name": "协作-日程-详情-附件",
      "font_class": "xiezuo-richeng-xiangqing-fujian",
      "unicode": "e6fd",
      "unicode_decimal": 59133
    },
    {
      "icon_id": "13360565",
      "name": "协作-日程-详情-描述",
      "font_class": "xiezuo-richeng-xiangqing-miaoshu",
      "unicode": "e6fc",
      "unicode_decimal": 59132
    },
    {
      "icon_id": "13360563",
      "name": "协作-日程-详情-评论",
      "font_class": "xiezuo-richeng-xiangqing-pinglun",
      "unicode": "e6fb",
      "unicode_decimal": 59131
    },
    {
      "icon_id": "13360564",
      "name": "协作-日程-详情-主题",
      "font_class": "xiezuo-richeng-xiangqing-zhuti",
      "unicode": "e6fa",
      "unicode_decimal": 59130
    },
    {
      "icon_id": "13360511",
      "name": "协作-新建日程-日程冲突-提示",
      "font_class": "xiezuo-xinjianricheng-richengchongtu-tishi",
      "unicode": "e6f9",
      "unicode_decimal": 59129
    },
    {
      "icon_id": "13360517",
      "name": "协作-新建日程-重复选择-上箭头",
      "font_class": "xiezuo-xinjianricheng-zhongfuxuanze-shangjiantou",
      "unicode": "e6f8",
      "unicode_decimal": 59128
    },
    {
      "icon_id": "13360527",
      "name": "协作-新建日程-重复选择-下箭头",
      "font_class": "xiezuo-xinjianricheng-zhongfuxuanze-xiajiantou",
      "unicode": "e6f7",
      "unicode_decimal": 59127
    },
    {
      "icon_id": "14333249",
      "name": "tishi",
      "font_class": "tishi",
      "unicode": "e6f6",
      "unicode_decimal": 59126
    },
    {
      "icon_id": "13360478",
      "name": "协作-沟通-我的日程-共享icon",
      "font_class": "xiezuo-goutong-wodericheng-gongxiangicon",
      "unicode": "e6f5",
      "unicode_decimal": 59125
    },
    {
      "icon_id": "13360477",
      "name": "协作-日程-日程列表-发起会议icon",
      "font_class": "xiezuo-richeng-richengliebiao-faqihuiyiicon",
      "unicode": "e6f4",
      "unicode_decimal": 59124
    },
    {
      "icon_id": "13360476",
      "name": "协作-日程-日程小卡-详情查看icon 2",
      "font_class": "xiezuo-richeng-richengxiaoka-xiangqingchakanicon",
      "unicode": "e6f3",
      "unicode_decimal": 59123
    },
    {
      "icon_id": "13360488",
      "name": "协作-日程-我的日程-收起icon",
      "font_class": "xiezuo-richeng-wodericheng-shouqiicon",
      "unicode": "e6e6",
      "unicode_decimal": 59110
    },
    {
      "icon_id": "13360486",
      "name": "协作-日程-我的日程-展开icon",
      "font_class": "xiezuo-richeng-wodericheng-zhankaiicon",
      "unicode": "e6b2",
      "unicode_decimal": 59058
    },
    {
      "icon_id": "14447859",
      "name": "0512-沟通模块-创建浮层按钮加号",
      "font_class": "0512-goutongmokuai-chuangjianfucenganniujiahao",
      "unicode": "e6b1",
      "unicode_decimal": 59057
    },
    {
      "icon_id": "14383083",
      "name": "0428-沟通模块-视图区小卡片-详情右箭头-默认",
      "font_class": "0428-goutongmokuai-shituquxiaokapian-xiangqingyoujiantou-moren",
      "unicode": "e6a4",
      "unicode_decimal": 59044
    },
    {
      "icon_id": "14383084",
      "name": "0428-沟通模块-视图区小卡片-描述-默认",
      "font_class": "0428-goutongmokuai-shituquxiaokapian-miaoshu-moren",
      "unicode": "e6a5",
      "unicode_decimal": 59045
    },
    {
      "icon_id": "14383085",
      "name": "0428-沟通模块-视图区小卡片-私密-默认",
      "font_class": "0428-goutongmokuai-shituquxiaokapian-simi-moren",
      "unicode": "e6a7",
      "unicode_decimal": 59047
    },
    {
      "icon_id": "14383086",
      "name": "0428-沟通模块-视图区小卡片-定位-默认",
      "font_class": "0428-goutongmokuai-shituquxiaokapian-dingwei-moren",
      "unicode": "e6ab",
      "unicode_decimal": 59051
    },
    {
      "icon_id": "14383087",
      "name": "0428-沟通模块-视图区小卡片-重复-默认",
      "font_class": "0428-goutongmokuai-shituquxiaokapian-zhongfu-moren",
      "unicode": "e6ac",
      "unicode_decimal": 59052
    },
    {
      "icon_id": "14383088",
      "name": "0428-沟通模块-视图区小卡片-日程-默认",
      "font_class": "0428-goutongmokuai-shituquxiaokapian-richeng-moren",
      "unicode": "e6af",
      "unicode_decimal": 59055
    },
    {
      "icon_id": "14341045",
      "name": "0428-日历-日程详情-删除日程",
      "font_class": "0428-rili-richengxiangqing-shanchuricheng",
      "unicode": "e62c",
      "unicode_decimal": 58924
    },
    {
      "icon_id": "14341046",
      "name": "0428-日历-日程详情-编辑日程",
      "font_class": "0428-rili-richengxiangqing-bianjiricheng",
      "unicode": "e69b",
      "unicode_decimal": 59035
    },
    {
      "icon_id": "14341047",
      "name": "0428-日历-日程详情-加入群聊",
      "font_class": "0428-rili-richengxiangqing-jiaruqunliao",
      "unicode": "e69d",
      "unicode_decimal": 59037
    },
    {
      "icon_id": "14341048",
      "name": "0428-日历-日程详情-关闭详情",
      "font_class": "0428-rili-richengxiangqing-guanbixiangqing",
      "unicode": "e69f",
      "unicode_decimal": 59039
    },
    {
      "icon_id": "14341049",
      "name": "0428-日历-日程详情-加入会议",
      "font_class": "0428-rili-richengxiangqing-jiaruhuiyi",
      "unicode": "e6a0",
      "unicode_decimal": 59040
    },
    {
      "icon_id": "14341050",
      "name": "0428-日历-日程详情-会议纪要",
      "font_class": "0428-rili-richengxiangqing-huiyijiyao",
      "unicode": "e6a1",
      "unicode_decimal": 59041
    },
    {
      "icon_id": "14341051",
      "name": "0428-日历-日程详情-添加参与人",
      "font_class": "0428-rili-richengxiangqing-tianjiacanyuren",
      "unicode": "e6a2",
      "unicode_decimal": 59042
    },
    {
      "icon_id": "14340969",
      "name": "0428_日程详情-创建日程-单选-选中",
      "font_class": "0428_richengxiangqing-chuangjianricheng-danxuan-xuanzhong",
      "unicode": "e629",
      "unicode_decimal": 58921
    },
    {
      "icon_id": "14340970",
      "name": "0428_日程详情-创建日程-添加加号",
      "font_class": "0428_richengxiangqing-chuangjianricheng-tianjiajiahao",
      "unicode": "e62a",
      "unicode_decimal": 58922
    },
    {
      "icon_id": "14340971",
      "name": "0428_日程详情-创建日程-附件删除",
      "font_class": "0428_richengxiangqing-chuangjianricheng-fujianshanchu",
      "unicode": "e62b",
      "unicode_decimal": 58923
    },
    {
      "icon_id": "14340972",
      "name": "0428-日程-下拉框内箭头-收起",
      "font_class": "0428-richeng-xialakuangneijiantou-shouqi",
      "unicode": "e634",
      "unicode_decimal": 58932
    },
    {
      "icon_id": "14340973",
      "name": "0428-创建日程-日程详情-冲突状态-空闲",
      "font_class": "0428-chuangjianricheng-richengxiangqing-chongtuzhuangtai-kongxian",
      "unicode": "e636",
      "unicode_decimal": 58934
    },
    {
      "icon_id": "14340974",
      "name": "0428_日程详情-创建日程-单选-默认",
      "font_class": "0428_richengxiangqing-chuangjianricheng-danxuan-moren",
      "unicode": "e63c",
      "unicode_decimal": 58940
    },
    {
      "icon_id": "14340975",
      "name": "0428-协作模块-日程详情-日程创建-提醒",
      "font_class": "0428-xiezuomokuai-richengxiangqing-richengchuangjian-tixing",
      "unicode": "e63d",
      "unicode_decimal": 58941
    },
    {
      "icon_id": "14340976",
      "name": "0421-沟通模块-日历视图-日期选择器-圆圈内箭头-右",
      "font_class": "0421-goutongmokuai-rilishitu-riqixuanzeqi-yuanquanneijiantou-you1",
      "unicode": "e63e",
      "unicode_decimal": 58942
    },
    {
      "icon_id": "14340977",
      "name": "0428_创建日程-创建-帮助问号",
      "font_class": "0428_chuangjianricheng-chuangjian-bangzhuwenhao",
      "unicode": "e63f",
      "unicode_decimal": 58943
    },
    {
      "icon_id": "14340978",
      "name": "0428-创建日程-日程详情-冲突状态-冲突",
      "font_class": "0428-chuangjianricheng-richengxiangqing-chongtuzhuangtai-chongtu",
      "unicode": "e640",
      "unicode_decimal": 58944
    },
    {
      "icon_id": "14340979",
      "name": "0428-协作模块-日程详情-日程创建-位置",
      "font_class": "0428-xiezuomokuai-richengxiangqing-richengchuangjian-weizhi",
      "unicode": "e641",
      "unicode_decimal": 58945
    },
    {
      "icon_id": "14340980",
      "name": "0428-协作模块-日程详情-日程创建-描述",
      "font_class": "0428-xiezuomokuai-richengxiangqing-richengchuangjian-miaoshu",
      "unicode": "e642",
      "unicode_decimal": 58946
    },
    {
      "icon_id": "14340981",
      "name": "0428-日程-下拉框内箭头-展开",
      "font_class": "0428-richeng-xialakuangneijiantou-zhankai",
      "unicode": "e643",
      "unicode_decimal": 58947
    },
    {
      "icon_id": "14340982",
      "name": "0428_日程详情-创建日程-附件上传终止",
      "font_class": "0428_richengxiangqing-chuangjianricheng-fujianshangchuanzhongzhi",
      "unicode": "e644",
      "unicode_decimal": 58948
    },
    {
      "icon_id": "14340983",
      "name": "0428_创建日程-提醒时间-标签卡片关闭",
      "font_class": "0428_chuangjianricheng-tixingshijian-biaoqiankapianguanbi",
      "unicode": "e645",
      "unicode_decimal": 58949
    },
    {
      "icon_id": "14340984",
      "name": "0421-沟通模块-日历视图-日期选择器-圆圈内箭头-左",
      "font_class": "0421-goutongmokuai-rilishitu-riqixuanzeqi-yuanquanneijiantou-zuo1",
      "unicode": "e646",
      "unicode_decimal": 58950
    },
    {
      "icon_id": "14340985",
      "name": "0428-日程详情-创建日程-参与人删除",
      "font_class": "0428-richengxiangqing-chuangjianricheng-canyurenshanchu",
      "unicode": "e647",
      "unicode_decimal": 58951
    },
    {
      "icon_id": "14340986",
      "name": "0428-协作模块-日程详情-日程创建-参与人",
      "font_class": "0428-xiezuomokuai-richengxiangqing-richengchuangjian-canyuren",
      "unicode": "e648",
      "unicode_decimal": 58952
    },
    {
      "icon_id": "14340987",
      "name": "0428-协作模块-日程详情-时间",
      "font_class": "0428-xiezuomokuai-richengxiangqing-shijian",
      "unicode": "e649",
      "unicode_decimal": 58953
    },
    {
      "icon_id": "14340988",
      "name": "0428-协作模块-日程详情-循环",
      "font_class": "0428-xiezuomokuai-richengxiangqing-xunhuan",
      "unicode": "e6eb",
      "unicode_decimal": 59115
    },
    {
      "icon_id": "14340989",
      "name": "0428-协作模块-日程详情-主题",
      "font_class": "0428-xiezuomokuai-richengxiangqing-zhuti",
      "unicode": "e6ec",
      "unicode_decimal": 59116
    },
    {
      "icon_id": "14340990",
      "name": "0428-协作模块-日程详情-附件",
      "font_class": "0428-xiezuomokuai-richengxiangqing-fujian",
      "unicode": "e6ed",
      "unicode_decimal": 59117
    },
    {
      "icon_id": "14340991",
      "name": "0428-协作模块-日程详情-日程创建-私密",
      "font_class": "0428-xiezuomokuai-richengxiangqing-richengchuangjian-simi",
      "unicode": "e6ee",
      "unicode_decimal": 59118
    },
    {
      "icon_id": "14340992",
      "name": "0428-协作模块-日程详情-线上会议",
      "font_class": "0428-xiezuomokuai-richengxiangqing-xianshanghuiyi",
      "unicode": "e6ef",
      "unicode_decimal": 59119
    },
    {
      "icon_id": "14340993",
      "name": "0428-协作模块-日程详情-评论",
      "font_class": "0428-xiezuomokuai-richengxiangqing-pinglun",
      "unicode": "e6f0",
      "unicode_decimal": 59120
    },
    {
      "icon_id": "14340994",
      "name": "0428-协作模块-日程详情-左上角关闭",
      "font_class": "0428-xiezuomokuai-richengxiangqing-zuoshangjiaoguanbi",
      "unicode": "e6f1",
      "unicode_decimal": 59121
    },
    {
      "icon_id": "14340995",
      "name": "0428-协作模块-日程详情-日程创建-日会",
      "font_class": "0428-xiezuomokuai-richengxiangqing-richengchuangjian-rihui",
      "unicode": "e6f2",
      "unicode_decimal": 59122
    },
    {
      "icon_id": "14333247",
      "name": "tankuang-xiala  ",
      "font_class": "tankuang-xiala",
      "unicode": "e6e4",
      "unicode_decimal": 59108
    },
    {
      "icon_id": "14333248",
      "name": "tankuang-shouqi ",
      "font_class": "tankuang-shouqi",
      "unicode": "e6e5",
      "unicode_decimal": 59109
    },
    {
      "icon_id": "14333250",
      "name": "Win-guanbi",
      "font_class": "Win-guanbi",
      "unicode": "e6e7",
      "unicode_decimal": 59111
    },
    {
      "icon_id": "14333251",
      "name": "tankuang-guanbi ",
      "font_class": "tankuang-guanbi",
      "unicode": "e6e8",
      "unicode_decimal": 59112
    },
    {
      "icon_id": "14333252",
      "name": "denglu-xiala",
      "font_class": "denglu-xiala",
      "unicode": "e6e9",
      "unicode_decimal": 59113
    },
    {
      "icon_id": "14333253",
      "name": "yuyan",
      "font_class": "yuyan",
      "unicode": "e6ea",
      "unicode_decimal": 59114
    },
    {
      "icon_id": "14293394",
      "name": "沟通-会话-列表置顶icon",
      "font_class": "goutong-huihua-liebiaozhidingicon",
      "unicode": "e63a",
      "unicode_decimal": 58938
    },
    {
      "icon_id": "14293397",
      "name": "沟通-会话-列表禁言icon",
      "font_class": "goutong-huihua-liebiaojinyanicon",
      "unicode": "e63b",
      "unicode_decimal": 58939
    },
    {
      "icon_id": "14279248",
      "name": "聊天会话-输入区-任务-常态",
      "font_class": "liaotianhuihua-shuruqu-renwu-changtai",
      "unicode": "e628",
      "unicode_decimal": 58920
    },
    {
      "icon_id": "14260024",
      "name": "呼叫",
      "font_class": "hujiao",
      "unicode": "e627",
      "unicode_decimal": 58919
    },
    {
      "icon_id": "14260015",
      "name": "发起会议_视频取消",
      "font_class": "faqihuiyi_shipinquxiao",
      "unicode": "e614",
      "unicode_decimal": 58900
    },
    {
      "icon_id": "14260016",
      "name": "发起会议_语音",
      "font_class": "faqihuiyi_yuyin",
      "unicode": "e624",
      "unicode_decimal": 58916
    },
    {
      "icon_id": "14260017",
      "name": "发起会议_视频",
      "font_class": "faqihuiyi_shipin",
      "unicode": "e625",
      "unicode_decimal": 58917
    },
    {
      "icon_id": "14260018",
      "name": "发起会议_语音取消",
      "font_class": "faqihuiyi_yuyinquxiao",
      "unicode": "e626",
      "unicode_decimal": 58918
    },
    {
      "icon_id": "14197748",
      "name": "0421-日历-日历标签显示图标-默认",
      "font_class": "0421-rili-rilibiaoqianxianshitubiao-moren",
      "unicode": "e60b",
      "unicode_decimal": 58891
    },
    {
      "icon_id": "14197749",
      "name": "0421-日历-日历标签显示图标-选中",
      "font_class": "0421-rili-rilibiaoqianxianshitubiao-xuanzhong",
      "unicode": "e60c",
      "unicode_decimal": 58892
    },
    {
      "icon_id": "14164719",
      "name": "pc端个人卡片-日历",
      "font_class": "pcduangerenkapian-rili",
      "unicode": "e6e0",
      "unicode_decimal": 59104
    },
    {
      "icon_id": "14164720",
      "name": "pc端个人卡片-未来人才",
      "font_class": "pcduangerenkapian-weilairencai",
      "unicode": "e6e1",
      "unicode_decimal": 59105
    },
    {
      "icon_id": "14164722",
      "name": "pc端个人卡片-okr",
      "font_class": "pcduangerenkapian-okr",
      "unicode": "e6e2",
      "unicode_decimal": 59106
    },
    {
      "icon_id": "14164723",
      "name": "pc端个人卡片-周报",
      "font_class": "pcduangerenkapian-zhoubao",
      "unicode": "e6e3",
      "unicode_decimal": 59107
    },
    {
      "icon_id": "14161333",
      "name": "0421-沟通模块-日历视图-日期选择器-圆圈内箭头-左",
      "font_class": "0421-goutongmokuai-rilishitu-riqixuanzeqi-yuanquanneijiantou-zuo",
      "unicode": "e609",
      "unicode_decimal": 58889
    },
    {
      "icon_id": "14161334",
      "name": "0421-沟通模块-日历视图-日期选择器-圆圈内箭头-右",
      "font_class": "0421-goutongmokuai-rilishitu-riqixuanzeqi-yuanquanneijiantou-you",
      "unicode": "e60a",
      "unicode_decimal": 58890
    },
    {
      "icon_id": "14154539",
      "name": "0421_沟通模块-共享日程-浮层下拉选择器-展开",
      "font_class": "0421_goutongmokuai-gongxiangricheng-fucengxialaxuanzeqi-zhankai",
      "unicode": "e607",
      "unicode_decimal": 58887
    },
    {
      "icon_id": "14154540",
      "name": "0421_沟通模块-共享日程-浮层下拉选择器-收起",
      "font_class": "0421_goutongmokuai-gongxiangricheng-fucengxialaxuanzeqi-shouqi",
      "unicode": "e608",
      "unicode_decimal": 58888
    },
    {
      "icon_id": "14140385",
      "name": "0421_沟通模块-共享日程-浮层下一级箭头_默认",
      "font_class": "0421_goutongmokuai-gongxiangricheng-fucengxiayijijiantou_moren",
      "unicode": "e604",
      "unicode_decimal": 58884
    },
    {
      "icon_id": "14140301",
      "name": "yach_0421_沟通模块-共享日程-浮层关闭-默认",
      "font_class": "yach_0421_goutongmokuai-gongxiangricheng-fucengguanbi-moren",
      "unicode": "e603",
      "unicode_decimal": 58883
    },
    {
      "icon_id": "14139918",
      "name": "0421_协作_共享我的日历",
      "font_class": "0421_xiezuo_gongxiangwoderili",
      "unicode": "e6d7",
      "unicode_decimal": 59095
    },
    {
      "icon_id": "14139524",
      "name": "0421_协作_日程卡片_我的日程",
      "font_class": "0421_xiezuo_richengkapian_wodericheng",
      "unicode": "e6d8",
      "unicode_decimal": 59096
    },
    {
      "icon_id": "14139525",
      "name": "0421_协作_视频会议入口",
      "font_class": "0421_xiezuo_shipinhuiyirukou",
      "unicode": "e6d9",
      "unicode_decimal": 59097
    },
    {
      "icon_id": "14139526",
      "name": "0421_协作_共享我的日历_展开",
      "font_class": "0421_xiezuo_gongxiangwoderili_zhankai",
      "unicode": "e6da",
      "unicode_decimal": 59098
    },
    {
      "icon_id": "14139527",
      "name": "0421_协作_日程卡片_定位",
      "font_class": "0421_xiezuo_richengkapian_dingwei",
      "unicode": "e6db",
      "unicode_decimal": 59099
    },
    {
      "icon_id": "14139528",
      "name": "0421_协作_日程卡片_查看详情箭头",
      "font_class": "0421_xiezuo_richengkapian_chakanxiangqingjiantou",
      "unicode": "e6dc",
      "unicode_decimal": 59100
    },
    {
      "icon_id": "14139529",
      "name": "0421_协作_添加订阅日历",
      "font_class": "0421_xiezuo_tianjiadingyuerili",
      "unicode": "e6dd",
      "unicode_decimal": 59101
    },
    {
      "icon_id": "14139530",
      "name": "0421_协作_日程卡片_描述",
      "font_class": "0421_xiezuo_richengkapian_miaoshu",
      "unicode": "e6de",
      "unicode_decimal": 59102
    },
    {
      "icon_id": "14139531",
      "name": "0421_协作_日程卡片_重复",
      "font_class": "0421_xiezuo_richengkapian_zhongfu",
      "unicode": "e6df",
      "unicode_decimal": 59103
    },
    {
      "icon_id": "14139520",
      "name": "0421_协作_共享我的日历_收起",
      "font_class": "0421_xiezuo_gongxiangwoderili_shouqi",
      "unicode": "e6d4",
      "unicode_decimal": 59092
    },
    {
      "icon_id": "14139521",
      "name": "0421_协作_日程会议室定位",
      "font_class": "0421_xiezuo_richenghuiyishidingwei",
      "unicode": "e6d5",
      "unicode_decimal": 59093
    },
    {
      "icon_id": "14139522",
      "name": "0421_协作_日程卡片_私密",
      "font_class": "0421_xiezuo_richengkapian_simi",
      "unicode": "e6d6",
      "unicode_decimal": 59094
    },
    {
      "icon_id": "13984376",
      "name": "pc端线上会议室-会议状态左侧图标",
      "font_class": "pcduanxianshanghuiyishi-huiyizhuangtaizuocetubiao",
      "unicode": "e6d3",
      "unicode_decimal": 59091
    },
    {
      "icon_id": "13977198",
      "name": "热评",
      "font_class": "reping",
      "unicode": "e6d2",
      "unicode_decimal": 59090
    },
    {
      "icon_id": "13974552",
      "name": "pc端语音通话消息-会话气泡icon",
      "font_class": "pcduanyuyintonghuaxiaoxi-huihuaqipaoicon",
      "unicode": "e6cf",
      "unicode_decimal": 59087
    },
    {
      "icon_id": "13968803",
      "name": "pc端语音通话卡片-接听",
      "font_class": "pcduanyuyintonghuakapian-jieting",
      "unicode": "e605",
      "unicode_decimal": 58885
    },
    {
      "icon_id": "13968804",
      "name": "pc端语音通话卡片-挂断",
      "font_class": "pcduanyuyintonghuakapian-guaduan",
      "unicode": "e606",
      "unicode_decimal": 58886
    },
    {
      "icon_id": "13968334",
      "name": "pc端语音通话卡片-静音",
      "font_class": "pcduanyuyintonghuakapian-jingyin",
      "unicode": "e6d0",
      "unicode_decimal": 59088
    },
    {
      "icon_id": "13968335",
      "name": "pc端语音通话卡片-静音2态",
      "font_class": "pcduanyuyintonghuakapian-jingyintai",
      "unicode": "e6d1",
      "unicode_decimal": 59089
    },
    {
      "icon_id": "13968281",
      "name": "pc端聊天个人页-右上角-语音通话",
      "font_class": "pcduanliaotiangerenye-youshangjiao-yuyintonghua",
      "unicode": "e6ce",
      "unicode_decimal": 59086
    },
    {
      "icon_id": "13954933",
      "name": "小组模块-评论",
      "font_class": "xiaozumokuai-pinglun",
      "unicode": "e6cd",
      "unicode_decimal": 59085
    },
    {
      "icon_id": "13909701",
      "name": "链接识别卡片复制",
      "font_class": "lianjieshibiekapianfuzhi",
      "unicode": "e639",
      "unicode_decimal": 58937
    },
    {
      "icon_id": "13761374",
      "name": "pc端-添加订阅日历按钮",
      "font_class": "pcduan-tianjiadingyuerilianniu",
      "unicode": "e6cc",
      "unicode_decimal": 59084
    },
    {
      "icon_id": "7024339",
      "name": "删 除",
      "font_class": "shanchu",
      "unicode": "e623",
      "unicode_decimal": 58915
    },
    {
      "icon_id": "13717032",
      "name": "小组默认头像",
      "font_class": "xiaozumorentouxiang",
      "unicode": "e6cb",
      "unicode_decimal": 59083
    },
    {
      "icon_id": "13716994",
      "name": "通讯录-我的小组-icon",
      "font_class": "tongxunlu-wodexiaozu-icon",
      "unicode": "e6ca",
      "unicode_decimal": 59082
    },
    {
      "icon_id": "13692665",
      "name": "小组-发布话题-添加图片",
      "font_class": "xiaozu-fabuhuati-tianjiatupian",
      "unicode": "e6c9",
      "unicode_decimal": 59081
    },
    {
      "icon_id": "13682496",
      "name": "小组-发布话题icon",
      "font_class": "xiaozu-fabuhuatiicon",
      "unicode": "e6c8",
      "unicode_decimal": 59080
    },
    {
      "icon_id": "13673354",
      "name": "小组-点赞交互状态",
      "font_class": "xiaozu-dianzanjiaohuzhuangtai",
      "unicode": "e6c5",
      "unicode_decimal": 59077
    },
    {
      "icon_id": "13673355",
      "name": "小组-点赞",
      "font_class": "xiaozu-dianzan",
      "unicode": "e6c6",
      "unicode_decimal": 59078
    },
    {
      "icon_id": "13673356",
      "name": "小组-已读人数icon",
      "font_class": "xiaozu-yidurenshuicon",
      "unicode": "e6c7",
      "unicode_decimal": 59079
    },
    {
      "icon_id": "13575711",
      "name": "在线文档-打开文档icon",
      "font_class": "zaixianwendang-dakaiwendangicon",
      "unicode": "e6c4",
      "unicode_decimal": 59076
    },
    {
      "icon_id": "13572981",
      "name": "在线文档-专为在线文档",
      "font_class": "zaixianwendang-zhuanweizaixianwendang",
      "unicode": "e6c3",
      "unicode_decimal": 59075
    },
    {
      "icon_id": "13538676",
      "name": "添加机器人-返回按钮",
      "font_class": "tianjiajiqiren-fanhuianniu",
      "unicode": "e6c2",
      "unicode_decimal": 59074
    },
    {
      "icon_id": "13535847",
      "name": "编辑机器人-配置说明",
      "font_class": "bianjijiqiren-peizhishuoming",
      "unicode": "e6ba",
      "unicode_decimal": 59066
    },
    {
      "icon_id": "13535848",
      "name": "机器人卡片-昵称后icon",
      "font_class": "jiqirenkapian-nichenghouicon",
      "unicode": "e6bb",
      "unicode_decimal": 59067
    },
    {
      "icon_id": "13535849",
      "name": "群设置-机器人-测滑跳转提示",
      "font_class": "qunshezhi-jiqiren-cehuatiaozhuantishi",
      "unicode": "e6bc",
      "unicode_decimal": 59068
    },
    {
      "icon_id": "13535850",
      "name": "机器人",
      "font_class": "jiqiren",
      "unicode": "e6bd",
      "unicode_decimal": 59069
    },
    {
      "icon_id": "13535851",
      "name": "编辑机器人-删除机器人",
      "font_class": "bianjijiqiren-shanchujiqiren",
      "unicode": "e6be",
      "unicode_decimal": 59070
    },
    {
      "icon_id": "13535852",
      "name": "添加机器人-链接复制成功提示",
      "font_class": "tianjiajiqiren-lianjiefuzhichenggongtishi",
      "unicode": "e6bf",
      "unicode_decimal": 59071
    },
    {
      "icon_id": "13535853",
      "name": "天加机器人-添加成功",
      "font_class": "tianjiajiqiren-tianjiachenggong",
      "unicode": "e6c0",
      "unicode_decimal": 59072
    },
    {
      "icon_id": "13535854",
      "name": "群设置-添加机器人button",
      "font_class": "qunshezhi-tianjiajiqirenbutton",
      "unicode": "e6c1",
      "unicode_decimal": 59073
    },
    {
      "icon_id": "13339820",
      "name": "gitlab",
      "font_class": "gitlab",
      "unicode": "e6b9",
      "unicode_decimal": 59065
    },
    {
      "icon_id": "13458621",
      "name": "日程-提醒弹窗-会议加入icon",
      "font_class": "richeng-tixingdanchuang-huiyijiaruicon",
      "unicode": "e638",
      "unicode_decimal": 58936
    },
    {
      "icon_id": "13197750",
      "name": "在线会议-线",
      "font_class": "zaixianhuiyi-xian",
      "unicode": "e763",
      "unicode_decimal": 59235
    },
    {
      "icon_id": "13390298",
      "name": "卡片-文件-查看文件夹-默认",
      "font_class": "kapian-wenjian-chakanwenjianjia-moren",
      "unicode": "e6b8",
      "unicode_decimal": 59064
    },
    {
      "icon_id": "13387717",
      "name": "助手-日历助手-头像-默认",
      "font_class": "zhushou-rilizhushou-touxiang-moren",
      "unicode": "e660",
      "unicode_decimal": 58976
    },
    {
      "icon_id": "13371818",
      "name": "协作-日程-详情-加入群聊",
      "font_class": "xiezuo-richeng-xiangqing-jiaruqunliao",
      "unicode": "e6b5",
      "unicode_decimal": 59061
    },
    {
      "icon_id": "13371819",
      "name": "协作-日程-详情-会议纪要",
      "font_class": "xiezuo-richeng-xiangqing-huiyijiyao",
      "unicode": "e6b6",
      "unicode_decimal": 59062
    },
    {
      "icon_id": "13371820",
      "name": "协作-日程-详情-加入会议",
      "font_class": "xiezuo-richeng-xiangqing-jiaruhuiyi",
      "unicode": "e6b7",
      "unicode_decimal": 59063
    },
    {
      "icon_id": "13360542",
      "name": "协作-日程-详情-编辑",
      "font_class": "xiezuo-richeng-xiangqing-bianji",
      "unicode": "e69a",
      "unicode_decimal": 59034
    },
    {
      "icon_id": "13360506",
      "name": "协作-日程-详情-关闭",
      "font_class": "xiezuo-richeng-xiangqing-guanbi",
      "unicode": "e69c",
      "unicode_decimal": 59036
    },
    {
      "icon_id": "13360508",
      "name": "协作-日程-详情-取消",
      "font_class": "xiezuo-richeng-xiangqing-quxiao",
      "unicode": "e69e",
      "unicode_decimal": 59038
    },
    {
      "icon_id": "13360513",
      "name": "协作-新建日程-添加参与人-加号",
      "font_class": "xiezuo-xinjianricheng-tianjiacanyuren-jiahao",
      "unicode": "e6a3",
      "unicode_decimal": 59043
    },
    {
      "icon_id": "13360516",
      "name": "协作-新建日程-整体关闭",
      "font_class": "xiezuo-xinjianricheng-zhengtiguanbi",
      "unicode": "e6a6",
      "unicode_decimal": 59046
    },
    {
      "icon_id": "13360518",
      "name": "协作-新建日程-提醒选择控件-对号",
      "font_class": "xiezuo-xinjianricheng-tixingxuanzekongjian-duihao",
      "unicode": "e6a8",
      "unicode_decimal": 59048
    },
    {
      "icon_id": "13360519",
      "name": "协作-新建日程-提醒小标签上的-删除",
      "font_class": "xiezuo-xinjianricheng-tixingxiaobiaoqianshangde-shanchu",
      "unicode": "e6a9",
      "unicode_decimal": 59049
    },
    {
      "icon_id": "13360520",
      "name": "协作-新建日程-选择日期控件-双右翻",
      "font_class": "xiezuo-xinjianricheng-xuanzeriqikongjian-shuangyoufan",
      "unicode": "e6aa",
      "unicode_decimal": 59050
    },
    {
      "icon_id": "13360523",
      "name": "协作-新建日程-选择日期控件-右翻",
      "font_class": "xiezuo-xinjianricheng-xuanzeriqikongjian-youfan",
      "unicode": "e6ad",
      "unicode_decimal": 59053
    },
    {
      "icon_id": "13360524",
      "name": "协作-新建日程-附件-删除",
      "font_class": "xiezuo-xinjianricheng-fujian-shanchu",
      "unicode": "e6ae",
      "unicode_decimal": 59054
    },
    {
      "icon_id": "13360526",
      "name": "协作-新建日程-选择日期控件-双左翻",
      "font_class": "xiezuo-xinjianricheng-xuanzeriqikongjian-shuangzuofan",
      "unicode": "e6b0",
      "unicode_decimal": 59056
    },
    {
      "icon_id": "13360529",
      "name": "协作-日程-详情-添加参与人",
      "font_class": "xiezuo-richeng-xiangqing-tianjiacanyuren",
      "unicode": "e6b3",
      "unicode_decimal": 59059
    },
    {
      "icon_id": "13360530",
      "name": "协作-新建日程-选择日期控件-左翻",
      "font_class": "xiezuo-xinjianricheng-xuanzeriqikongjian-zuofan",
      "unicode": "e6b4",
      "unicode_decimal": 59060
    },
    {
      "icon_id": "13360480",
      "name": "协作-日程-日程小卡-地点icon",
      "font_class": "xiezuo-richeng-richengxiaoka-didianicon",
      "unicode": "e62d",
      "unicode_decimal": 58925
    },
    {
      "icon_id": "13360481",
      "name": "协作-日程-日历-选中icon",
      "font_class": "xiezuo-richeng-rili-xuanzhongicon",
      "unicode": "e62e",
      "unicode_decimal": 58926
    },
    {
      "icon_id": "13360482",
      "name": "协作-日程-日历-添加日程icon-默认",
      "font_class": "xiezuo-richeng-rili-tianjiarichengicon-moren",
      "unicode": "e62f",
      "unicode_decimal": 58927
    },
    {
      "icon_id": "13360483",
      "name": "协作-日程-日程小卡-主持人icon",
      "font_class": "xiezuo-richeng-richengxiaoka-zhuchirenicon",
      "unicode": "e631",
      "unicode_decimal": 58929
    },
    {
      "icon_id": "13360484",
      "name": "协作-日程-日期选择-下翻icon-默认",
      "font_class": "xiezuo-richeng-riqixuanze-xiafanicon-moren",
      "unicode": "e632",
      "unicode_decimal": 58930
    },
    {
      "icon_id": "13360485",
      "name": "协作-日程-日程小卡-描述icon",
      "font_class": "xiezuo-richeng-richengxiaoka-miaoshuicon",
      "unicode": "e633",
      "unicode_decimal": 58931
    },
    {
      "icon_id": "13360487",
      "name": "协作-日程-日期选择-上翻icon-默认",
      "font_class": "xiezuo-richeng-riqixuanze-shangfanicon-moren",
      "unicode": "e635",
      "unicode_decimal": 58933
    },
    {
      "icon_id": "13360490",
      "name": "协作-日程-日历-添加日程icon-hover",
      "font_class": "xiezuo-richeng-rili-tianjiarichengicon-hover",
      "unicode": "e637",
      "unicode_decimal": 58935
    },
    {
      "icon_id": "13293013",
      "name": "@",
      "font_class": "icon-test",
      "unicode": "e699",
      "unicode_decimal": 59033
    },
    {
      "icon_id": "6001973",
      "name": "新建",
      "font_class": "xinjian",
      "unicode": "eb22",
      "unicode_decimal": 60194
    },
    {
      "icon_id": "7212753",
      "name": "直播",
      "font_class": "zhibo",
      "unicode": "e622",
      "unicode_decimal": 58914
    },
    {
      "icon_id": "10574804",
      "name": "部门",
      "font_class": "bumen",
      "unicode": "e630",
      "unicode_decimal": 58928
    },
    {
      "icon_id": "13244856",
      "name": "在线文档",
      "font_class": "zaixianwendang",
      "unicode": "e698",
      "unicode_decimal": 59032
    },
    {
      "icon_id": "13219106",
      "name": "沟通-会话窗口-更多icon-默认",
      "font_class": "goutong-huihuachuangkou-gengduoicon-moren",
      "unicode": "e621",
      "unicode_decimal": 58913
    },
    {
      "icon_id": "13200900",
      "name": "线上办公室-顶部提示绿条icon",
      "font_class": "xianshangbangongshi-dingbutishilvtiaoicon",
      "unicode": "e697",
      "unicode_decimal": 59031
    },
    {
      "icon_id": "13193550",
      "name": "win-最小化",
      "font_class": "win-zuixiaohua",
      "unicode": "e693",
      "unicode_decimal": 59027
    },
    {
      "icon_id": "13193551",
      "name": "win-关闭",
      "font_class": "win-guanbi",
      "unicode": "e694",
      "unicode_decimal": 59028
    },
    {
      "icon_id": "13193552",
      "name": "win-全屏",
      "font_class": "win-quanping",
      "unicode": "e695",
      "unicode_decimal": 59029
    },
    {
      "icon_id": "13193553",
      "name": "win-全屏切换",
      "font_class": "win-quanpingqiehuan",
      "unicode": "e696",
      "unicode_decimal": 59030
    },
    {
      "icon_id": "13173082",
      "name": "全局-沟通-导航-更多icon-默认",
      "font_class": "quanju-goutong-daohang-gengduoicon-moren",
      "unicode": "e61d",
      "unicode_decimal": 58909
    },
    {
      "icon_id": "13173083",
      "name": "全局-沟通-导航-在线办公icon-默认",
      "font_class": "quanju-goutong-daohang-zaixianbangongicon-moren",
      "unicode": "e61e",
      "unicode_decimal": 58910
    },
    {
      "icon_id": "13173084",
      "name": "全局-沟通-导航-问题反馈icon-默认",
      "font_class": "quanju-goutong-daohang-wentifankuiicon-moren",
      "unicode": "e61f",
      "unicode_decimal": 58911
    },
    {
      "icon_id": "13173085",
      "name": "全局-沟通-导航-在线文档icon-默认",
      "font_class": "quanju-goutong-daohang-zaixianwendangicon-moren",
      "unicode": "e620",
      "unicode_decimal": 58912
    },
    {
      "icon_id": "13162492",
      "name": "单聊-工作状态提示",
      "font_class": "danliao-gongzuozhuangtaitishi",
      "unicode": "e692",
      "unicode_decimal": 59026
    },
    {
      "icon_id": "13160200",
      "name": "日志详情-右侧-更多",
      "font_class": "rizhixiangqing-youce-gengduo",
      "unicode": "e68f",
      "unicode_decimal": 59023
    },
    {
      "icon_id": "13160201",
      "name": "日志详情-评论区点赞",
      "font_class": "rizhixiangqing-pinglunqudianzan",
      "unicode": "e690",
      "unicode_decimal": 59024
    },
    {
      "icon_id": "13160202",
      "name": "日志详情-已点赞",
      "font_class": "rizhixiangqing-yidianzan",
      "unicode": "e691",
      "unicode_decimal": 59025
    },
    {
      "icon_id": "13149402",
      "name": "截图-颜色选中-白色区域显示",
      "font_class": "jietu-yansexuanzhong-baisequyuxianshi",
      "unicode": "e68e",
      "unicode_decimal": 59022
    },
    {
      "icon_id": "13148225",
      "name": "沟通-文字回复栏-关闭icon-默认 ",
      "font_class": "goutong-wenzihuifulan-guanbiicon-moren",
      "unicode": "e61c",
      "unicode_decimal": 58908
    },
    {
      "icon_id": "13148216",
      "name": "沟通-会话窗口-群会议室icon-默认",
      "font_class": "goutong-huihuachuangkou-qunhuiyishiicon-moren",
      "unicode": "e61b",
      "unicode_decimal": 58907
    },
    {
      "icon_id": "13148082",
      "name": "全局-查看大图-放大-常态",
      "font_class": "quanju-chakandatu-fangda-changtai",
      "unicode": "e662",
      "unicode_decimal": 58978
    },
    {
      "icon_id": "13148083",
      "name": "全局-群设置-编辑群名称-常态",
      "font_class": "quanju-qunshezhi-bianjiqunmingcheng-changtai",
      "unicode": "e663",
      "unicode_decimal": 58979
    },
    {
      "icon_id": "13148084",
      "name": "全局-查看大图-关闭-常态",
      "font_class": "quanju-chakandatu-guanbi-changtai",
      "unicode": "e664",
      "unicode_decimal": 58980
    },
    {
      "icon_id": "13148085",
      "name": "沟通-搜索聊天记录",
      "font_class": "goutong-sousuoliaotianjilu",
      "unicode": "e665",
      "unicode_decimal": 58981
    },
    {
      "icon_id": "13148086",
      "name": "沟通-发起群聊-常态",
      "font_class": "goutong-faqiqunliao-changtai",
      "unicode": "e666",
      "unicode_decimal": 58982
    },
    {
      "icon_id": "13148088",
      "name": "全局-查看大图-向右-常态",
      "font_class": "quanju-chakandatu-xiangyou-changtai",
      "unicode": "e667",
      "unicode_decimal": 58983
    },
    {
      "icon_id": "13148089",
      "name": "全局-查看大图-缩小-常态",
      "font_class": "quanju-chakandatu-suoxiao-changtai",
      "unicode": "e669",
      "unicode_decimal": 58985
    },
    {
      "icon_id": "13148090",
      "name": "全局-查看大图-向左-常态",
      "font_class": "quanju-chakandatu-xiangzuo-changtai",
      "unicode": "e66a",
      "unicode_decimal": 58986
    },
    {
      "icon_id": "13148091",
      "name": "全局-选人-多选空状态",
      "font_class": "quanju-xuanren-duoxuankongzhuangtai",
      "unicode": "e66b",
      "unicode_decimal": 58987
    },
    {
      "icon_id": "13148092",
      "name": "沟通会话-截图-标记",
      "font_class": "goutonghuihua-jietu-biaoji",
      "unicode": "e66c",
      "unicode_decimal": 58988
    },
    {
      "icon_id": "13148093",
      "name": "沟通-发起群聊-点击状态",
      "font_class": "goutong-faqiqunliao-dianjizhuangtai",
      "unicode": "e66d",
      "unicode_decimal": 58989
    },
    {
      "icon_id": "13148094",
      "name": "聊天会话-输入去-表情-常态",
      "font_class": "liaotianhuihua-shuruqu-biaoqing-changtai",
      "unicode": "e66e",
      "unicode_decimal": 58990
    },
    {
      "icon_id": "13148095",
      "name": "全局-查看大图-下载-常态",
      "font_class": "quanju-chakandatu-xiazai-changtai",
      "unicode": "e66f",
      "unicode_decimal": 58991
    },
    {
      "icon_id": "13148096",
      "name": "全局-选人-多选-选中状态",
      "font_class": "quanju-xuanren-duoxuan-xuanzhongzhuangtai",
      "unicode": "e670",
      "unicode_decimal": 58992
    },
    {
      "icon_id": "13148097",
      "name": "聊天会话-输入去-发起视频-常态",
      "font_class": "liaotianhuihua-shuruqu-faqishipin-changtai",
      "unicode": "e671",
      "unicode_decimal": 58993
    },
    {
      "icon_id": "13148098",
      "name": "沟通会话-截图-关闭",
      "font_class": "goutonghuihua-jietu-guanbi",
      "unicode": "e672",
      "unicode_decimal": 58994
    },
    {
      "icon_id": "13148099",
      "name": "沟通-消息转发-最近会话",
      "font_class": "goutong-xiaoxizhuanfa-zuijinhuihua",
      "unicode": "e673",
      "unicode_decimal": 58995
    },
    {
      "icon_id": "13148100",
      "name": "沟通会话-截图-箭头",
      "font_class": "goutonghuihua-jietu-jiantou",
      "unicode": "e674",
      "unicode_decimal": 58996
    },
    {
      "icon_id": "13148101",
      "name": "聊天会话-输入去-截图-常态",
      "font_class": "liaotianhuihua-shuruqu-jietu-changtai",
      "unicode": "e675",
      "unicode_decimal": 58997
    },
    {
      "icon_id": "13148102",
      "name": "聊天会话-输入去-文件发送-常态",
      "font_class": "liaotianhuihua-shuruqu-wenjianfasong-changtai",
      "unicode": "e676",
      "unicode_decimal": 58998
    },
    {
      "icon_id": "13148103",
      "name": "沟通会话-截图-框选",
      "font_class": "goutonghuihua-jietu-kuangxuan",
      "unicode": "e677",
      "unicode_decimal": 58999
    },
    {
      "icon_id": "13148104",
      "name": "沟通会话-截图-下载",
      "font_class": "goutonghuihua-jietu-xiazai",
      "unicode": "e678",
      "unicode_decimal": 59000
    },
    {
      "icon_id": "13148105",
      "name": "全局-群设置-关闭群设置",
      "font_class": "quanju-qunshezhi-guanbiqunshezhi",
      "unicode": "e679",
      "unicode_decimal": 59001
    },
    {
      "icon_id": "13148106",
      "name": "沟通会话-切图-确定",
      "font_class": "goutonghuihua-qietu-queding",
      "unicode": "e67a",
      "unicode_decimal": 59002
    },
    {
      "icon_id": "13148107",
      "name": "全局-选人-集团-左滑",
      "font_class": "quanju-xuanren-jituan-zuohua",
      "unicode": "e67b",
      "unicode_decimal": 59003
    },
    {
      "icon_id": "13148108",
      "name": "沟通会话-截图-圆",
      "font_class": "goutonghuihua-jietu-yuan",
      "unicode": "e67c",
      "unicode_decimal": 59004
    },
    {
      "icon_id": "13148109",
      "name": "沟通-图片搜索-查看更多",
      "font_class": "goutong-tupiansousuo-chakangengduo",
      "unicode": "e67d",
      "unicode_decimal": 59005
    },
    {
      "icon_id": "13148110",
      "name": "全局-选人-建群关闭",
      "font_class": "quanju-xuanren-jianqunguanbi",
      "unicode": "e67e",
      "unicode_decimal": 59006
    },
    {
      "icon_id": "13148111",
      "name": "全局-选人-删除已选姓名",
      "font_class": "quanju-xuanren-shanchuyixuanxingming",
      "unicode": "e67f",
      "unicode_decimal": 59007
    },
    {
      "icon_id": "13148112",
      "name": "全局-群设置-右侧点击",
      "font_class": "quanju-qunshezhi-youcedianji",
      "unicode": "e680",
      "unicode_decimal": 59008
    },
    {
      "icon_id": "13148113",
      "name": "沟通会话-截图-拉伸",
      "font_class": "goutonghuihua-jietu-lashen",
      "unicode": "e681",
      "unicode_decimal": 59009
    },
    {
      "icon_id": "13148114",
      "name": "沟通-搜索-删除搜索",
      "font_class": "goutong-sousuo-shanchusousuo",
      "unicode": "e682",
      "unicode_decimal": 59010
    },
    {
      "icon_id": "13148115",
      "name": "沟通-搜索-搜索无结果",
      "font_class": "goutong-sousuo-sousuowujieguo",
      "unicode": "e683",
      "unicode_decimal": 59011
    },
    {
      "icon_id": "13148116",
      "name": "全局-群设置-搜索群成员-常态",
      "font_class": "quanju-qunshezhi-sousuoqunchengyuan-changtai",
      "unicode": "e684",
      "unicode_decimal": 59012
    },
    {
      "icon_id": "13148117",
      "name": "消息会话-截图 -颜色选中",
      "font_class": "xiaoxihuihua-jietu-yansexuanzhong",
      "unicode": "e685",
      "unicode_decimal": 59013
    },
    {
      "icon_id": "13148118",
      "name": "全局-选人-我的群组",
      "font_class": "quanju-xuanren-wodequnzu",
      "unicode": "e686",
      "unicode_decimal": 59014
    },
    {
      "icon_id": "13148119",
      "name": "全局-选人-下级常态",
      "font_class": "quanju-xuanren-xiajichangtai",
      "unicode": "e687",
      "unicode_decimal": 59015
    },
    {
      "icon_id": "13148120",
      "name": "全局-选人-多选-不可选",
      "font_class": "quanju-xuanren-duoxuan-bukexuan",
      "unicode": "e688",
      "unicode_decimal": 59016
    },
    {
      "icon_id": "13148121",
      "name": "全局-群设置-添加群成员-常态",
      "font_class": "quanju-qunshezhi-tianjiaqunchengyuan-changtai",
      "unicode": "e689",
      "unicode_decimal": 59017
    },
    {
      "icon_id": "13148122",
      "name": "全局-选人-组织架构-向下展开",
      "font_class": "quanju-xuanren-zuzhijiagou-xiangxiazhankai",
      "unicode": "e68a",
      "unicode_decimal": 59018
    },
    {
      "icon_id": "13148123",
      "name": "全局-选人-下级hover",
      "font_class": "quanju-xuanren-xiajihover",
      "unicode": "e68b",
      "unicode_decimal": 59019
    },
    {
      "icon_id": "13148124",
      "name": "全局-选人-组织架构测滑",
      "font_class": "quanju-xuanren-zuzhijiagoucehua",
      "unicode": "e68c",
      "unicode_decimal": 59020
    },
    {
      "icon_id": "13148125",
      "name": "全局-查看大图-加载失败",
      "font_class": "quanju-chakandatu-jiazaishibai",
      "unicode": "e68d",
      "unicode_decimal": 59021
    },
    {
      "icon_id": "13147961",
      "name": "沟通-气泡功能区-更多icon-默认 ",
      "font_class": "goutong-qipaogongnengqu-gengduoicon-moren",
      "unicode": "e618",
      "unicode_decimal": 58904
    },
    {
      "icon_id": "13147962",
      "name": "沟通-气泡功能区-表情icon-默认 ",
      "font_class": "goutong-qipaogongnengqu-biaoqingicon-moren",
      "unicode": "e619",
      "unicode_decimal": 58905
    },
    {
      "icon_id": "13147963",
      "name": "沟通-气泡功能区-回复icon-默认 ",
      "font_class": "goutong-qipaogongnengqu-huifuicon-moren",
      "unicode": "e61a",
      "unicode_decimal": 58906
    },
    {
      "icon_id": "13147600",
      "name": "沟通-会话窗口-加人icon-默认",
      "font_class": "goutong-huihuachuangkou-jiarenicon-moren",
      "unicode": "e617",
      "unicode_decimal": 58903
    },
    {
      "icon_id": "13146279",
      "name": "沟通-输入区-发送icon-默认",
      "font_class": "goutong-shuruqu-fasongicon-moren",
      "unicode": "e615",
      "unicode_decimal": 58901
    },
    {
      "icon_id": "13146280",
      "name": "沟通-输入区-折行icon-默认",
      "font_class": "goutong-shuruqu-zhehangicon-moren",
      "unicode": "e616",
      "unicode_decimal": 58902
    },
    {
      "icon_id": "13146247",
      "name": "助手-周报助手-头像-默认",
      "font_class": "zhushou-zhoubaozhushou-touxiang-moren",
      "unicode": "e661",
      "unicode_decimal": 58977
    },
    {
      "icon_id": "13146003",
      "name": "沟通-会话窗口-公告icon-默认",
      "font_class": "goutong-huihuachuangkou-gonggaoicon-moren",
      "unicode": "e611",
      "unicode_decimal": 58897
    },
    {
      "icon_id": "13146004",
      "name": "沟通-会话窗口-群内搜索icon-默认",
      "font_class": "goutong-huihuachuangkou-qunneisousuoicon-moren",
      "unicode": "e612",
      "unicode_decimal": 58898
    },
    {
      "icon_id": "13146005",
      "name": "沟通-会话窗口-相册icon-默认",
      "font_class": "goutong-huihuachuangkou-xiangceicon-moren",
      "unicode": "e613",
      "unicode_decimal": 58899
    },
    {
      "icon_id": "13145971",
      "name": "卡片-网址-链接-默认",
      "font_class": "kapian-wangzhi-lianjie-moren",
      "unicode": "e65c",
      "unicode_decimal": 58972
    },
    {
      "icon_id": "13145894",
      "name": "多选转发-发送-合并转发-默认",
      "font_class": "duoxuanzhuanfa-fasong-hebingzhuanfa-moren",
      "unicode": "e65f",
      "unicode_decimal": 58975
    },
    {
      "icon_id": "13145800",
      "name": "卡片-查看详情-进入-默认",
      "font_class": "kapian-chakanxiangqing-jinru-moren",
      "unicode": "e651",
      "unicode_decimal": 58961
    },
    {
      "icon_id": "13145801",
      "name": "多选转发-发送-关闭-默认",
      "font_class": "duoxuanzhuanfa-fasong-guanbi-moren",
      "unicode": "e652",
      "unicode_decimal": 58962
    },
    {
      "icon_id": "13145802",
      "name": "助手-日历助手-重复-默认",
      "font_class": "zhushou-rilizhushou-zhongfu-moren",
      "unicode": "e653",
      "unicode_decimal": 58963
    },
    {
      "icon_id": "13145804",
      "name": "沟通-消息-加载-默认",
      "font_class": "goutong-xiaoxi-jiazai-moren",
      "unicode": "e654",
      "unicode_decimal": 58964
    },
    {
      "icon_id": "13145805",
      "name": "助手-日历助手-地点-默认",
      "font_class": "zhushou-rilizhushou-didian-moren",
      "unicode": "e655",
      "unicode_decimal": 58965
    },
    {
      "icon_id": "13145806",
      "name": "全局-通知-主题-默认",
      "font_class": "quanju-tongzhi-zhuti-moren",
      "unicode": "e656",
      "unicode_decimal": 58966
    },
    {
      "icon_id": "13145807",
      "name": "全局-通知-地点-默认",
      "font_class": "quanju-tongzhi-didian-moren",
      "unicode": "e657",
      "unicode_decimal": 58967
    },
    {
      "icon_id": "13145808",
      "name": "全局-反馈提醒-成功-默认",
      "font_class": "quanju-fankuitixing-chenggong-moren",
      "unicode": "e658",
      "unicode_decimal": 58968
    },
    {
      "icon_id": "13145809",
      "name": "助手-红包助手-头像-默认",
      "font_class": "zhushou-hongbaozhushou-touxiang-moren",
      "unicode": "e659",
      "unicode_decimal": 58969
    },
    {
      "icon_id": "13145810",
      "name": "卡片和图片-发送-取消下载-默认",
      "font_class": "kapianhetupian-fasong-quxiaoxiazai-moren",
      "unicode": "e65a",
      "unicode_decimal": 58970
    },
    {
      "icon_id": "13145811",
      "name": "助手-提醒助手-头像-默认",
      "font_class": "zhushou-tixingzhushou-touxiang-moren",
      "unicode": "e65b",
      "unicode_decimal": 58971
    },
    {
      "icon_id": "13145813",
      "name": "助手-日历助手-时间-默认",
      "font_class": "zhushou-rilizhushou-shijian-moren",
      "unicode": "e65d",
      "unicode_decimal": 58973
    },
    {
      "icon_id": "13145814",
      "name": "全局-弹框-关闭-默认",
      "font_class": "quanju-dankuang-guanbi-moren",
      "unicode": "e65e",
      "unicode_decimal": 58974
    },
    {
      "icon_id": "13145792",
      "name": "多选转发-多选-选中-默认",
      "font_class": "duoxuanzhuanfa-duoxuan-xuanzhong-moren",
      "unicode": "e64a",
      "unicode_decimal": 58954
    },
    {
      "icon_id": "13145794",
      "name": "沟通-消息-发送失败-默认",
      "font_class": "goutong-xiaoxi-fasongshibai-moren",
      "unicode": "e64b",
      "unicode_decimal": 58955
    },
    {
      "icon_id": "13145795",
      "name": "卡片-网址-复制-默认",
      "font_class": "kapian-wangzhi-fuzhi-moren",
      "unicode": "e64c",
      "unicode_decimal": 58956
    },
    {
      "icon_id": "13145796",
      "name": "全局-通知-时间-默认",
      "font_class": "quanju-tongzhi-shijian-moren",
      "unicode": "e64d",
      "unicode_decimal": 58957
    },
    {
      "icon_id": "13145797",
      "name": "全局-弹框-提示-默认",
      "font_class": "quanju-dankuang-tishi-moren",
      "unicode": "e64e",
      "unicode_decimal": 58958
    },
    {
      "icon_id": "13145798",
      "name": "卡片-文件-预览-默认",
      "font_class": "kapian-wenjian-yulan-moren",
      "unicode": "e64f",
      "unicode_decimal": 58959
    },
    {
      "icon_id": "13145799",
      "name": "卡片-文件-下载-默认",
      "font_class": "kapian-wenjian-xiazai-moren",
      "unicode": "e650",
      "unicode_decimal": 58960
    },
    {
      "icon_id": "13144679",
      "name": "全局-沟通-导航-协作icon-默认",
      "font_class": "quanju-goutong-daohang-xiezuoicon-moren",
      "unicode": "e60d",
      "unicode_decimal": 58893
    },
    {
      "icon_id": "13144680",
      "name": "全局-沟通-导航-消息icon-默认",
      "font_class": "quanju-goutong-daohang-xiaoxiicon-moren",
      "unicode": "e60e",
      "unicode_decimal": 58894
    },
    {
      "icon_id": "13144681",
      "name": "全局-沟通-导航-通讯录icon-默认",
      "font_class": "quanju-goutong-daohang-tongxunluicon-moren",
      "unicode": "e60f",
      "unicode_decimal": 58895
    },
    {
      "icon_id": "13144690",
      "name": "全局-沟通-导航-工作台icon-默认",
      "font_class": "quanju-goutong-daohang-gongzuotaiicon-moren",
      "unicode": "e610",
      "unicode_decimal": 58896
    },
    {
      "icon_id": "13144547",
      "name": "搜索无结果",
      "font_class": "sousuowujieguo",
      "unicode": "e668",
      "unicode_decimal": 58984
    }
  ]
}
