{
  "id": "1185493",
  "name": "yach",
  "font_family": "iconfont",
  "css_prefix_text": "icon",
  "description": "",
  "glyphs": [
    {
      "icon_id": "15907409",
      "name": "ipad",
      "font_class": "ipad",
      "unicode": "e7ab",
      "unicode_decimal": 59307
    },
    {
      "icon_id": "15653486",
      "name": "暂停",
      "font_class": "zanting2",
      "unicode": "e7a5",
      "unicode_decimal": 59301
    },
    {
      "icon_id": "15653487",
      "name": "横竖屏",
      "font_class": "hengshuping",
      "unicode": "e7a6",
      "unicode_decimal": 59302
    },
    {
      "icon_id": "15653488",
      "name": "关闭",
      "font_class": "guanbi9",
      "unicode": "e7a7",
      "unicode_decimal": 59303
    },
    {
      "icon_id": "15653489",
      "name": "声音-开",
      "font_class": "shengyin-kai",
      "unicode": "e7a8",
      "unicode_decimal": 59304
    },
    {
      "icon_id": "15653490",
      "name": "声音-关",
      "font_class": "shengyin-guan",
      "unicode": "e7a9",
      "unicode_decimal": 59305
    },
    {
      "icon_id": "15653491",
      "name": "播放",
      "font_class": "bofang2",
      "unicode": "e7aa",
      "unicode_decimal": 59306
    },
    {
      "icon_id": "15451344",
      "name": "Fill 5",
      "font_class": "Fill5",
      "unicode": "e7a4",
      "unicode_decimal": 59300
    },
    {
      "icon_id": "15343598",
      "name": "刷新",
      "font_class": "shuaxin4",
      "unicode": "e79e",
      "unicode_decimal": 59294
    },
    {
      "icon_id": "15343599",
      "name": "左箭头滞灰",
      "font_class": "zuojiantouzhihui",
      "unicode": "e79f",
      "unicode_decimal": 59295
    },
    {
      "icon_id": "15343600",
      "name": "右箭头",
      "font_class": "youjiantou1",
      "unicode": "e7a0",
      "unicode_decimal": 59296
    },
    {
      "icon_id": "15343601",
      "name": "左箭头",
      "font_class": "zuojiantou1",
      "unicode": "e7a1",
      "unicode_decimal": 59297
    },
    {
      "icon_id": "15343602",
      "name": "右箭头滞灰",
      "font_class": "youjiantouzhihui",
      "unicode": "e7a2",
      "unicode_decimal": 59298
    },
    {
      "icon_id": "15343603",
      "name": "关闭",
      "font_class": "guanbi8",
      "unicode": "e7a3",
      "unicode_decimal": 59299
    },
    {
      "icon_id": "15214194",
      "name": "附件添加@1x",
      "font_class": "fujiantianjia1x",
      "unicode": "e797",
      "unicode_decimal": 59287
    },
    {
      "icon_id": "15214195",
      "name": "更多-勾选蓝@1x",
      "font_class": "gengduo-gouxuanlan1x",
      "unicode": "e798",
      "unicode_decimal": 59288
    },
    {
      "icon_id": "15214196",
      "name": "更多-勾选@1x",
      "font_class": "gengduo-gouxuan1x",
      "unicode": "e799",
      "unicode_decimal": 59289
    },
    {
      "icon_id": "15214197",
      "name": "群:部门:取消x",
      "font_class": "qunbumenquxiaox",
      "unicode": "e79a",
      "unicode_decimal": 59290
    },
    {
      "icon_id": "15214198",
      "name": "接收人-添加@1x",
      "font_class": "jieshouren-tianjia1x",
      "unicode": "e79b",
      "unicode_decimal": 59291
    },
    {
      "icon_id": "15214200",
      "name": "默认接收人？@1x",
      "font_class": "morenjieshouren1x",
      "unicode": "e79c",
      "unicode_decimal": 59292
    },
    {
      "icon_id": "15214201",
      "name": "接收人-更多@1x",
      "font_class": "jieshouren-gengduo1x",
      "unicode": "e79d",
      "unicode_decimal": 59293
    },
    {
      "icon_id": "14853443",
      "name": "矩形",
      "font_class": "juxing",
      "unicode": "e796",
      "unicode_decimal": 59286
    },
    {
      "icon_id": "13770384",
      "name": "新建日程-私密设置-icon",
      "font_class": "xinjianricheng-simishezhi-icon",
      "unicode": "e795",
      "unicode_decimal": 59285
    },
    {
      "icon_id": "13766751",
      "name": "提示",
      "font_class": "xingzhuangjiehe7",
      "unicode": "e794",
      "unicode_decimal": 59284
    },
    {
      "icon_id": "13766061",
      "name": "哈哈哈",
      "font_class": "hahaha",
      "unicode": "e793",
      "unicode_decimal": 59283
    },
    {
      "icon_id": "13766053",
      "name": "叉",
      "font_class": "cha",
      "unicode": "e78e",
      "unicode_decimal": 59278
    },
    {
      "icon_id": "13765329",
      "name": "主讲人",
      "font_class": "xingzhuangjiehe6",
      "unicode": "e792",
      "unicode_decimal": 59282
    },
    {
      "icon_id": "13731293",
      "name": "更多",
      "font_class": "gengduo5",
      "unicode": "e790",
      "unicode_decimal": 59280
    },
    {
      "icon_id": "13731294",
      "name": "更多-蓝",
      "font_class": "gengduo-lan1",
      "unicode": "e791",
      "unicode_decimal": 59281
    },
    {
      "icon_id": "13731289",
      "name": "删除参与人",
      "font_class": "shanchucanyuren",
      "unicode": "e78d",
      "unicode_decimal": 59277
    },
    {
      "icon_id": "13731291",
      "name": "关闭卡片",
      "font_class": "guanbikapian",
      "unicode": "e78f",
      "unicode_decimal": 59279
    },
    {
      "icon_id": "13728585",
      "name": "形状结合",
      "font_class": "xingzhuangjiehe5",
      "unicode": "e78c",
      "unicode_decimal": 59276
    },
    {
      "icon_id": "13665245",
      "name": "写日志",
      "font_class": "xierizhi",
      "unicode": "e789",
      "unicode_decimal": 59273
    },
    {
      "icon_id": "13665246",
      "name": "筛选",
      "font_class": "shaixuan1",
      "unicode": "e78a",
      "unicode_decimal": 59274
    },
    {
      "icon_id": "13665247",
      "name": "向下",
      "font_class": "xiangxia",
      "unicode": "e78b",
      "unicode_decimal": 59275
    },
    {
      "icon_id": "13660837",
      "name": "添加",
      "font_class": "tianjia6",
      "unicode": "e784",
      "unicode_decimal": 59268
    },
    {
      "icon_id": "13660838",
      "name": "时间",
      "font_class": "shijian3",
      "unicode": "e785",
      "unicode_decimal": 59269
    },
    {
      "icon_id": "13660839",
      "name": "主讲人",
      "font_class": "zhujiangren",
      "unicode": "e786",
      "unicode_decimal": 59270
    },
    {
      "icon_id": "13660840",
      "name": "主题",
      "font_class": "zhuti",
      "unicode": "e787",
      "unicode_decimal": 59271
    },
    {
      "icon_id": "13660841",
      "name": "参与人",
      "font_class": "canyuren",
      "unicode": "e788",
      "unicode_decimal": 59272
    },
    {
      "icon_id": "13473813",
      "name": "多边形",
      "font_class": "duobianxing",
      "unicode": "e781",
      "unicode_decimal": 59265
    },
    {
      "icon_id": "13423178",
      "name": "登陆页-勾选",
      "font_class": "dengluye-gouxuan",
      "unicode": "e77e",
      "unicode_decimal": 59262
    },
    {
      "icon_id": "13423180",
      "name": "登陆页-刷新二维码",
      "font_class": "dengluye-shuaxinerweima",
      "unicode": "e77f",
      "unicode_decimal": 59263
    },
    {
      "icon_id": "13423243",
      "name": "登陆页-勾选框",
      "font_class": "dengluye-gouxuankuang",
      "unicode": "e780",
      "unicode_decimal": 59264
    },
    {
      "icon_id": "13331170",
      "name": "iconxingzhuangjiehe3",
      "font_class": "xingzhuangjiehe3",
      "unicode": "e75f",
      "unicode_decimal": 59231
    },
    {
      "icon_id": "13330225",
      "name": "矩形备份 13",
      "font_class": "juxingbeifen",
      "unicode": "e72b",
      "unicode_decimal": 59179
    },
    {
      "icon_id": "7548711",
      "name": "麦克风-静音",
      "font_class": "maikefeng-jingyin2",
      "unicode": "e782",
      "unicode_decimal": 59266
    },
    {
      "icon_id": "8843272",
      "name": "使用帮助",
      "font_class": "shiyongbangzhu",
      "unicode": "e783",
      "unicode_decimal": 59267
    },
    {
      "icon_id": "13285612",
      "name": "办公室",
      "font_class": "bangongshi",
      "unicode": "e757",
      "unicode_decimal": 59223
    },
    {
      "icon_id": "13285613",
      "name": "直播室",
      "font_class": "zhiboshi",
      "unicode": "e76e",
      "unicode_decimal": 59246
    },
    {
      "icon_id": "7212753",
      "name": "直播",
      "font_class": "zhibo",
      "unicode": "e77d",
      "unicode_decimal": 59261
    },
    {
      "icon_id": "13200900",
      "name": "线上办公室-顶部提示绿条icon",
      "font_class": "xianshangbangongshi-dingbutishilvtiaoicon",
      "unicode": "e77c",
      "unicode_decimal": 59260
    },
    {
      "icon_id": "13271416",
      "name": "待办-55尺寸",
      "font_class": "daiban-chicun",
      "unicode": "e77a",
      "unicode_decimal": 59258
    },
    {
      "icon_id": "13271417",
      "name": "待办-44尺寸",
      "font_class": "daiban-chicun1",
      "unicode": "e77b",
      "unicode_decimal": 59259
    },
    {
      "icon_id": "13261086",
      "name": "测导航-图标日历-激活",
      "font_class": "cedaohang-tubiaorili-jihuo",
      "unicode": "e76f",
      "unicode_decimal": 59247
    },
    {
      "icon_id": "13261087",
      "name": "测导航-图标工作台-默认",
      "font_class": "cedaohang-tubiaogongzuotai-moren",
      "unicode": "e770",
      "unicode_decimal": 59248
    },
    {
      "icon_id": "13261088",
      "name": "测导航-图标日历-默认",
      "font_class": "cedaohang-tubiaorili-moren",
      "unicode": "e771",
      "unicode_decimal": 59249
    },
    {
      "icon_id": "13261089",
      "name": "测导航-图标通讯录-激活",
      "font_class": "cedaohang-tubiaotongxunlu-jihuo",
      "unicode": "e772",
      "unicode_decimal": 59250
    },
    {
      "icon_id": "13261091",
      "name": "测导航-图标线上办公-激活",
      "font_class": "cedaohang-tubiaoxianshangbangong-jihuo",
      "unicode": "e773",
      "unicode_decimal": 59251
    },
    {
      "icon_id": "13261092",
      "name": "测导航-图标通讯录-默认",
      "font_class": "cedaohang-tubiaotongxunlu-moren",
      "unicode": "e774",
      "unicode_decimal": 59252
    },
    {
      "icon_id": "13261093",
      "name": "测导航-图标消息-激活",
      "font_class": "cedaohang-tubiaoxiaoxi-jihuo",
      "unicode": "e775",
      "unicode_decimal": 59253
    },
    {
      "icon_id": "13261097",
      "name": "测导航-图标消息-默认",
      "font_class": "cedaohang-tubiaoxiaoxi-moren",
      "unicode": "e776",
      "unicode_decimal": 59254
    },
    {
      "icon_id": "13261098",
      "name": "测导航-图标线上办公-默认",
      "font_class": "cedaohang-tubiaoxianshangbangong-moren",
      "unicode": "e777",
      "unicode_decimal": 59255
    },
    {
      "icon_id": "13261099",
      "name": "测导航-图标在线文档-激活",
      "font_class": "cedaohang-tubiaozaixianwendang-jihuo",
      "unicode": "e778",
      "unicode_decimal": 59256
    },
    {
      "icon_id": "13261101",
      "name": "测导航-图标在线文档-默认",
      "font_class": "cedaohang-tubiaozaixianwendang-moren",
      "unicode": "e779",
      "unicode_decimal": 59257
    },
    {
      "icon_id": "13225988",
      "name": "通知卡片-装饰图标-音视频会议",
      "font_class": "tongzhikapian-zhuangshitubiao-yinshipinhuiyi",
      "unicode": "e76b",
      "unicode_decimal": 59243
    },
    {
      "icon_id": "13225970",
      "name": "形状结合",
      "font_class": "xingzhuangjiehe1",
      "unicode": "e76c",
      "unicode_decimal": 59244
    },
    {
      "icon_id": "13225971",
      "name": "形状结合·",
      "font_class": "xingzhuangjiehe2",
      "unicode": "e76d",
      "unicode_decimal": 59245
    },
    {
      "icon_id": "13224540",
      "name": "通知卡片-装饰图标-群会议结束",
      "font_class": "tongzhikapian-zhuangshitubiao-qunhuiyijieshu",
      "unicode": "e768",
      "unicode_decimal": 59240
    },
    {
      "icon_id": "13224541",
      "name": "通知卡片-装饰图标-群会议开启",
      "font_class": "tongzhikapian-zhuangshitubiao-qunhuiyikaiqi",
      "unicode": "e76a",
      "unicode_decimal": 59242
    },
    {
      "icon_id": "13220912",
      "name": "会议群（头像）",
      "font_class": "huiyiquntouxiang",
      "unicode": "e762",
      "unicode_decimal": 59234
    },
    {
      "icon_id": "13220913",
      "name": "日程卡片-立即加入",
      "font_class": "richengkapian-lijijiaru",
      "unicode": "e765",
      "unicode_decimal": 59237
    },
    {
      "icon_id": "13220914",
      "name": "会议群-视频会议-蓝",
      "font_class": "huiyiqun-shipinhuiyi-lan",
      "unicode": "e766",
      "unicode_decimal": 59238
    },
    {
      "icon_id": "13220915",
      "name": "会议群-视频会议-常态",
      "font_class": "huiyiqun-shipinhuiyi-changtai",
      "unicode": "e767",
      "unicode_decimal": 59239
    },
    {
      "icon_id": "13197749",
      "name": "日程详情-加入会议",
      "font_class": "richengxiangqing-jiaruhuiyi1",
      "unicode": "e75e",
      "unicode_decimal": 59230
    },
    {
      "icon_id": "13197750",
      "name": "在线会议-线",
      "font_class": "zaixianhuiyi-xian",
      "unicode": "e763",
      "unicode_decimal": 59235
    },
    {
      "icon_id": "13197751",
      "name": "加入会议-块",
      "font_class": "jiaruhuiyi-kuai",
      "unicode": "e764",
      "unicode_decimal": 59236
    },
    {
      "icon_id": "13196341",
      "name": "iconlock",
      "font_class": "lock",
      "unicode": "e761",
      "unicode_decimal": 59233
    },
    {
      "icon_id": "13177939",
      "name": "在线文档-灰",
      "font_class": "zaixianwendang-hui",
      "unicode": "e75c",
      "unicode_decimal": 59228
    },
    {
      "icon_id": "13177940",
      "name": "在线文档-蓝",
      "font_class": "zaixianwendang-lan",
      "unicode": "e75d",
      "unicode_decimal": 59229
    },
    {
      "icon_id": "13169450",
      "name": "在线文档",
      "font_class": "zaixianwendang",
      "unicode": "e75b",
      "unicode_decimal": 59227
    },
    {
      "icon_id": "13130173",
      "name": "形状结合1",
      "font_class": "xingzhuangjiehe4",
      "unicode": "e760",
      "unicode_decimal": 59232
    },
    {
      "icon_id": "13130042",
      "name": "编组 6",
      "font_class": "bianzu1",
      "unicode": "e750",
      "unicode_decimal": 59216
    },
    {
      "icon_id": "13130044",
      "name": "线上会议-说明",
      "font_class": "xianshanghuiyi-shuoming",
      "unicode": "e754",
      "unicode_decimal": 59220
    },
    {
      "icon_id": "13130046",
      "name": "在线办公-常态",
      "font_class": "zaixianbangong-changtai",
      "unicode": "e759",
      "unicode_decimal": 59225
    },
    {
      "icon_id": "13129685",
      "name": "当天会议-刷新",
      "font_class": "dangtianhuiyi-shuaxin",
      "unicode": "e74f",
      "unicode_decimal": 59215
    },
    {
      "icon_id": "13129688",
      "name": "日程详情-加入群聊",
      "font_class": "richengxiangqing-jiaruqunliao",
      "unicode": "e752",
      "unicode_decimal": 59218
    },
    {
      "icon_id": "13129689",
      "name": "日程详情-加入会议",
      "font_class": "richengxiangqing-jiaruhuiyi",
      "unicode": "e753",
      "unicode_decimal": 59219
    },
    {
      "icon_id": "13129691",
      "name": "日程标签",
      "font_class": "richengbiaoqian",
      "unicode": "e755",
      "unicode_decimal": 59221
    },
    {
      "icon_id": "13129692",
      "name": "新建日程-会议线上",
      "font_class": "xinjianricheng-huiyixianshang",
      "unicode": "e756",
      "unicode_decimal": 59222
    },
    {
      "icon_id": "13129694",
      "name": "日程详情-线上会议",
      "font_class": "richengxiangqing-xianshanghuiyi",
      "unicode": "e758",
      "unicode_decimal": 59224
    },
    {
      "icon_id": "13129696",
      "name": "聊天界面-视频会议@1x",
      "font_class": "liaotianjiemian-shipinhuiyix",
      "unicode": "e75a",
      "unicode_decimal": 59226
    },
    {
      "icon_id": "13127396",
      "name": "意见反馈",
      "font_class": "yijianfankui",
      "unicode": "e74e",
      "unicode_decimal": 59214
    },
    {
      "icon_id": "13125595",
      "name": "1.1",
      "font_class": "icon-test1",
      "unicode": "e74b",
      "unicode_decimal": 59211
    },
    {
      "icon_id": "13125597",
      "name": "1.2",
      "font_class": "icon-test2",
      "unicode": "e74c",
      "unicode_decimal": 59212
    },
    {
      "icon_id": "13125598",
      "name": "1",
      "font_class": "icon-test3",
      "unicode": "e74d",
      "unicode_decimal": 59213
    },
    {
      "icon_id": "13125455",
      "name": "群会议室细",
      "font_class": "qunhuiyishixi",
      "unicode": "e74a",
      "unicode_decimal": 59210
    },
    {
      "icon_id": "13124633",
      "name": "群会议室icon",
      "font_class": "qunhuiyishiicon",
      "unicode": "e749",
      "unicode_decimal": 59209
    },
    {
      "icon_id": "12562673",
      "name": "订阅",
      "font_class": "dingyue",
      "unicode": "e745",
      "unicode_decimal": 59205
    },
    {
      "icon_id": "12655968",
      "name": "图片加载失败-01-01",
      "font_class": "tupianjiazaishibai--",
      "unicode": "e746",
      "unicode_decimal": 59206
    },
    {
      "icon_id": "13123161",
      "name": "日会",
      "font_class": "rihui",
      "unicode": "e747",
      "unicode_decimal": 59207
    },
    {
      "icon_id": "13123165",
      "name": "切换日历",
      "font_class": "qiehuanrili",
      "unicode": "e748",
      "unicode_decimal": 59208
    },
    {
      "icon_id": "1647855",
      "name": "对号",
      "font_class": "duihao1",
      "unicode": "e741",
      "unicode_decimal": 59201
    },
    {
      "icon_id": "4457220",
      "name": "太阳 白天 日间模式 白天晴 线性",
      "font_class": "taiyangbaitianrijianmoshibaitianqingxianxing",
      "unicode": "e9fc",
      "unicode_decimal": 59900
    },
    {
      "icon_id": "4841816",
      "name": "群组",
      "font_class": "qunzu",
      "unicode": "e742",
      "unicode_decimal": 59202
    },
    {
      "icon_id": "5316992",
      "name": "聊天记录",
      "font_class": "liaotianjilu1",
      "unicode": "e743",
      "unicode_decimal": 59203
    },
    {
      "icon_id": "10530167",
      "name": "加载更多",
      "font_class": "jiazaigengduo",
      "unicode": "e744",
      "unicode_decimal": 59204
    },
    {
      "icon_id": "13078341",
      "name": "更多",
      "font_class": "gengduo4",
      "unicode": "e731",
      "unicode_decimal": 59185
    },
    {
      "icon_id": "13078350",
      "name": "共享-白",
      "font_class": "gongxiang-bai",
      "unicode": "e732",
      "unicode_decimal": 59186
    },
    {
      "icon_id": "13078351",
      "name": "共享卡片",
      "font_class": "gongxiangkapian",
      "unicode": "e733",
      "unicode_decimal": 59187
    },
    {
      "icon_id": "13078354",
      "name": "关闭-小",
      "font_class": "guanbi-xiao",
      "unicode": "e734",
      "unicode_decimal": 59188
    },
    {
      "icon_id": "13078382",
      "name": "卡片-关闭关闭",
      "font_class": "kapian-guanbiguanbi",
      "unicode": "e736",
      "unicode_decimal": 59190
    },
    {
      "icon_id": "13078385",
      "name": "列表-表格",
      "font_class": "liebiao-biaoge",
      "unicode": "e737",
      "unicode_decimal": 59191
    },
    {
      "icon_id": "13078387",
      "name": "列表-文档@1x",
      "font_class": "liebiao-wendangx",
      "unicode": "e738",
      "unicode_decimal": 59192
    },
    {
      "icon_id": "13078395",
      "name": "首页",
      "font_class": "shouye",
      "unicode": "e739",
      "unicode_decimal": 59193
    },
    {
      "icon_id": "13078401",
      "name": "文档助手-移动",
      "font_class": "wendangzhushou-yidong",
      "unicode": "e73a",
      "unicode_decimal": 59194
    },
    {
      "icon_id": "13078402",
      "name": "文档助手-pc",
      "font_class": "wendangzhushou-pc",
      "unicode": "e73b",
      "unicode_decimal": 59195
    },
    {
      "icon_id": "13078523",
      "name": "消息",
      "font_class": "xiaoxi1",
      "unicode": "e73c",
      "unicode_decimal": 59196
    },
    {
      "icon_id": "13078528",
      "name": "新建表格@1x",
      "font_class": "xinjianbiaogex",
      "unicode": "e73d",
      "unicode_decimal": 59197
    },
    {
      "icon_id": "13078530",
      "name": "新建文档@1x",
      "font_class": "xinjianwendangx",
      "unicode": "e73e",
      "unicode_decimal": 59198
    },
    {
      "icon_id": "13078537",
      "name": "sousuo",
      "font_class": "sousuo2",
      "unicode": "e73f",
      "unicode_decimal": 59199
    },
    {
      "icon_id": "13078584",
      "name": "演示模式",
      "font_class": "yanshimoshi",
      "unicode": "e740",
      "unicode_decimal": 59200
    },
    {
      "icon_id": "13078332",
      "name": "更多-蓝",
      "font_class": "gengduo-lan",
      "unicode": "e730",
      "unicode_decimal": 59184
    },
    {
      "icon_id": "13078327",
      "name": "更多-黑",
      "font_class": "gengduo-hei",
      "unicode": "e72f",
      "unicode_decimal": 59183
    },
    {
      "icon_id": "13053245",
      "name": "时间",
      "font_class": "shijian2",
      "unicode": "e72e",
      "unicode_decimal": 59182
    },
    {
      "icon_id": "12989216",
      "name": "设置",
      "font_class": "shezhi2",
      "unicode": "e72a",
      "unicode_decimal": 59178
    },
    {
      "icon_id": "12989218",
      "name": "-",
      "font_class": "-",
      "unicode": "e72c",
      "unicode_decimal": 59180
    },
    {
      "icon_id": "12989219",
      "name": "+",
      "font_class": "icon-test",
      "unicode": "e72d",
      "unicode_decimal": 59181
    },
    {
      "icon_id": "12985887",
      "name": "设置",
      "font_class": "shezhi1",
      "unicode": "e729",
      "unicode_decimal": 59177
    },
    {
      "icon_id": "12950741",
      "name": "视频会议输入面板-图标",
      "font_class": "shipinhuiyishurumianban-tubiao",
      "unicode": "e727",
      "unicode_decimal": 59175
    },
    {
      "icon_id": "12947089",
      "name": "通知卡片失效-装饰图标",
      "font_class": "tongzhikapianshixiao-zhuangshitubiao",
      "unicode": "e724",
      "unicode_decimal": 59172
    },
    {
      "icon_id": "12947090",
      "name": "通知卡片-装饰图标",
      "font_class": "tongzhikapian-zhuangshitubiao",
      "unicode": "e725",
      "unicode_decimal": 59173
    },
    {
      "icon_id": "12946592",
      "name": "会议创建面板-关闭图标",
      "font_class": "guanbi7",
      "unicode": "e723",
      "unicode_decimal": 59171
    },
    {
      "icon_id": "12946431",
      "name": "会议创建面板-装饰图标",
      "font_class": "chuangjianmianbanicon",
      "unicode": "e722",
      "unicode_decimal": 59170
    },
    {
      "icon_id": "12887062",
      "name": "未读",
      "font_class": "weidu",
      "unicode": "e720",
      "unicode_decimal": 59168
    },
    {
      "icon_id": "12887063",
      "name": "已读",
      "font_class": "yidu",
      "unicode": "e721",
      "unicode_decimal": 59169
    },
    {
      "icon_id": "1745104",
      "name": "提醒",
      "font_class": "tixing3",
      "unicode": "e71a",
      "unicode_decimal": 59162
    },
    {
      "icon_id": "2315093",
      "name": "图片加载失败",
      "font_class": "tupianjiazaishibai2",
      "unicode": "e71b",
      "unicode_decimal": 59163
    },
    {
      "icon_id": "6435842",
      "name": "刷新",
      "font_class": "shuaxin3",
      "unicode": "e71d",
      "unicode_decimal": 59165
    },
    {
      "icon_id": "10341679",
      "name": "添加符号",
      "font_class": "jiahaox",
      "unicode": "e71e",
      "unicode_decimal": 59166
    },
    {
      "icon_id": "10899509",
      "name": "评论",
      "font_class": "bianzu",
      "unicode": "e71f",
      "unicode_decimal": 59167
    },
    {
      "icon_id": "12685129",
      "name": "日程 @3",
      "font_class": "richeng1",
      "unicode": "e719",
      "unicode_decimal": 59161
    },
    {
      "icon_id": "12544425",
      "name": "消息回复@3",
      "font_class": "xiaoxihuifu",
      "unicode": "e718",
      "unicode_decimal": 59160
    },
    {
      "icon_id": "725655",
      "name": "消息",
      "font_class": "xiaoxi-copy",
      "unicode": "e70d",
      "unicode_decimal": 59149
    },
    {
      "icon_id": "1099617",
      "name": "苹果",
      "font_class": "pingguo",
      "unicode": "e70e",
      "unicode_decimal": 59150
    },
    {
      "icon_id": "1133093",
      "name": "电话",
      "font_class": "dianhua",
      "unicode": "e70f",
      "unicode_decimal": 59151
    },
    {
      "icon_id": "1639747",
      "name": "消息",
      "font_class": "message",
      "unicode": "e710",
      "unicode_decimal": 59152
    },
    {
      "icon_id": "3030159",
      "name": "更多",
      "font_class": "icon-toolbar-sys-more",
      "unicode": "e711",
      "unicode_decimal": 59153
    },
    {
      "icon_id": "4931438",
      "name": "复制链接",
      "font_class": "fuzhilianjie",
      "unicode": "e712",
      "unicode_decimal": 59154
    },
    {
      "icon_id": "6304035",
      "name": "刷新",
      "font_class": "rs-refresh",
      "unicode": "e714",
      "unicode_decimal": 59156
    },
    {
      "icon_id": "8805087",
      "name": "会议纪要",
      "font_class": "huiyijiyao1",
      "unicode": "e7ba",
      "unicode_decimal": 59322
    },
    {
      "icon_id": "9252843",
      "name": "复制链接",
      "font_class": "fuzhilianjie1",
      "unicode": "e715",
      "unicode_decimal": 59157
    },
    {
      "icon_id": "10291934",
      "name": "safari-for-mac",
      "font_class": "safari-for-mac",
      "unicode": "e716",
      "unicode_decimal": 59158
    },
    {
      "icon_id": "12427576",
      "name": "共享",
      "font_class": "gongxiang2",
      "unicode": "e717",
      "unicode_decimal": 59159
    },
    {
      "icon_id": "12289676",
      "name": "发起群聊hover",
      "font_class": "faqiqunliaohover",
      "unicode": "e70b",
      "unicode_decimal": 59147
    },
    {
      "icon_id": "12289677",
      "name": "发起群聊",
      "font_class": "faqiqunliao",
      "unicode": "e70c",
      "unicode_decimal": 59148
    },
    {
      "icon_id": "12266619",
      "name": "勾选",
      "font_class": "gouxuan",
      "unicode": "e708",
      "unicode_decimal": 59144
    },
    {
      "icon_id": "12266682",
      "name": "红色",
      "font_class": "hongse",
      "unicode": "e709",
      "unicode_decimal": 59145
    },
    {
      "icon_id": "12266887",
      "name": "蓝色",
      "font_class": "lanse",
      "unicode": "e70a",
      "unicode_decimal": 59146
    },
    {
      "icon_id": "684133",
      "name": "排序",
      "font_class": "paixu",
      "unicode": "e6fb",
      "unicode_decimal": 59131
    },
    {
      "icon_id": "1579995",
      "name": "复制",
      "font_class": "fuzhi1",
      "unicode": "e6fd",
      "unicode_decimal": 59133
    },
    {
      "icon_id": "2335108",
      "name": "时间",
      "font_class": "shijian",
      "unicode": "e6fe",
      "unicode_decimal": 59134
    },
    {
      "icon_id": "3586117",
      "name": "查找",
      "font_class": "chazhao",
      "unicode": "e6ff",
      "unicode_decimal": 59135
    },
    {
      "icon_id": "5062697",
      "name": "会议纪要",
      "font_class": "huiyijiyao",
      "unicode": "e700",
      "unicode_decimal": 59136
    },
    {
      "icon_id": "7213956",
      "name": "链接",
      "font_class": "lianjie",
      "unicode": "e702",
      "unicode_decimal": 59138
    },
    {
      "icon_id": "8571669",
      "name": "关  闭",
      "font_class": "guanbi6",
      "unicode": "e703",
      "unicode_decimal": 59139
    },
    {
      "icon_id": "9050930",
      "name": "删 除",
      "font_class": "shanchu1",
      "unicode": "e704",
      "unicode_decimal": 59140
    },
    {
      "icon_id": "10170009",
      "name": "时间 (1)",
      "font_class": "shijian1",
      "unicode": "e707",
      "unicode_decimal": 59143
    },
    {
      "icon_id": "10188661",
      "name": "o1",
      "font_class": "o",
      "unicode": "e6fa",
      "unicode_decimal": 59130
    },
    {
      "icon_id": "12145806",
      "name": "jietu@2x",
      "font_class": "jietux",
      "unicode": "e6f9",
      "unicode_decimal": 59129
    },
    {
      "icon_id": "12145802",
      "name": "biaoqing@2x",
      "font_class": "biaoqingx",
      "unicode": "e6f8",
      "unicode_decimal": 59128
    },
    {
      "icon_id": "12145778",
      "name": "编组 2@2x",
      "font_class": "bianzux1",
      "unicode": "e6f7",
      "unicode_decimal": 59127
    },
    {
      "icon_id": "12128953",
      "name": "shiyan",
      "font_class": "shiyan",
      "unicode": "e6f6",
      "unicode_decimal": 59126
    },
    {
      "icon_id": "12101905",
      "name": "刷新",
      "font_class": "shuaxin2",
      "unicode": "e6f5",
      "unicode_decimal": 59125
    },
    {
      "icon_id": "12090847",
      "name": "路径@3",
      "font_class": "lujing",
      "unicode": "e6f4",
      "unicode_decimal": 59124
    },
    {
      "icon_id": "5777844",
      "name": "电脑",
      "font_class": "diannao",
      "unicode": "e6f2",
      "unicode_decimal": 59122
    },
    {
      "icon_id": "6721458",
      "name": "共享",
      "font_class": "gongxiang1",
      "unicode": "e6f3",
      "unicode_decimal": 59123
    },
    {
      "icon_id": "11426442",
      "name": "共享库",
      "font_class": "gongxiangku",
      "unicode": "e6f0",
      "unicode_decimal": 59120
    },
    {
      "icon_id": "11998555",
      "name": "紧急@3",
      "font_class": "jinji",
      "unicode": "e6f1",
      "unicode_decimal": 59121
    },
    {
      "icon_id": "11939982",
      "name": "todo@3",
      "font_class": "todo",
      "unicode": "e6ee",
      "unicode_decimal": 59118
    },
    {
      "icon_id": "11931375",
      "name": "tishi@2x",
      "font_class": "tishix2",
      "unicode": "e6ef",
      "unicode_decimal": 59119
    },
    {
      "icon_id": "11931373",
      "name": "cha@2x",
      "font_class": "chax",
      "unicode": "e6eb",
      "unicode_decimal": 59115
    },
    {
      "icon_id": "11904556",
      "name": "日历助手",
      "font_class": "rilizhushou",
      "unicode": "e6ea",
      "unicode_decimal": 59114
    },
    {
      "icon_id": "6012410",
      "name": "撤回",
      "font_class": "chehui1",
      "unicode": "e6e8",
      "unicode_decimal": 59112
    },
    {
      "icon_id": "7734270",
      "name": "人员",
      "font_class": "renyuan1",
      "unicode": "e6e9",
      "unicode_decimal": 59113
    },
    {
      "icon_id": "9659178",
      "name": "下  拉 (3)",
      "font_class": "arrow-bottom",
      "unicode": "e6e6",
      "unicode_decimal": 59110
    },
    {
      "icon_id": "11892727",
      "name": "提醒@3",
      "font_class": "tixing2",
      "unicode": "e6e7",
      "unicode_decimal": 59111
    },
    {
      "icon_id": "1581927",
      "name": "取消撤回",
      "font_class": "quxiaochehui",
      "unicode": "e6e3",
      "unicode_decimal": 59107
    },
    {
      "icon_id": "1770380",
      "name": "会话",
      "font_class": "huihua",
      "unicode": "e6e4",
      "unicode_decimal": 59108
    },
    {
      "icon_id": "6543867",
      "name": "提醒",
      "font_class": "tixing1",
      "unicode": "e6e5",
      "unicode_decimal": 59109
    },
    {
      "icon_id": "11787763",
      "name": "tishi@1x",
      "font_class": "tishix",
      "unicode": "e6e2",
      "unicode_decimal": 59106
    },
    {
      "icon_id": "11761364",
      "name": "红包助手",
      "font_class": "hongbaozhushou",
      "unicode": "e699",
      "unicode_decimal": 59033
    },
    {
      "icon_id": "925818",
      "name": "支付宝",
      "font_class": "umidd17",
      "unicode": "e6df",
      "unicode_decimal": 59103
    },
    {
      "icon_id": "1551208",
      "name": "皇冠",
      "font_class": "huangguan",
      "unicode": "e6e0",
      "unicode_decimal": 59104
    },
    {
      "icon_id": "11752019",
      "name": "视频文件@3",
      "font_class": "shipinwenjian2",
      "unicode": "e6e1",
      "unicode_decimal": 59105
    },
    {
      "icon_id": "11682694",
      "name": "Bitmap Copy 18备份 16@1x",
      "font_class": "BitmapCopybeifenx",
      "unicode": "e6dd",
      "unicode_decimal": 59101
    },
    {
      "icon_id": "11656238",
      "name": "dcvs16@1x",
      "font_class": "dcvsx",
      "unicode": "e6dc",
      "unicode_decimal": 59100
    },
    {
      "icon_id": "11656170",
      "name": "编组 14@1x",
      "font_class": "bianzux",
      "unicode": "e6d9",
      "unicode_decimal": 59097
    },
    {
      "icon_id": "11640542",
      "name": "钱包 (1)@3",
      "font_class": "qianbao1",
      "unicode": "e6db",
      "unicode_decimal": 59099
    },
    {
      "icon_id": "4506450",
      "name": "添加",
      "font_class": "tianjia5",
      "unicode": "e6d8",
      "unicode_decimal": 59096
    },
    {
      "icon_id": "3608359",
      "name": "日报",
      "font_class": "ribao",
      "unicode": "e6ce",
      "unicode_decimal": 59086
    },
    {
      "icon_id": "4262753",
      "name": "缩放",
      "font_class": "suofang",
      "unicode": "e6cf",
      "unicode_decimal": 59087
    },
    {
      "icon_id": "4315662",
      "name": "眼睛",
      "font_class": "yanjing",
      "unicode": "e6d0",
      "unicode_decimal": 59088
    },
    {
      "icon_id": "5597665",
      "name": "16_GJW缩放显示",
      "font_class": "_GJWsuofangxianshi",
      "unicode": "e728",
      "unicode_decimal": 59176
    },
    {
      "icon_id": "6930135",
      "name": "眼睛 18px #fff",
      "font_class": "yanjing1",
      "unicode": "e6d1",
      "unicode_decimal": 59089
    },
    {
      "icon_id": "8701401",
      "name": "切换",
      "font_class": "qiehuan",
      "unicode": "e6d2",
      "unicode_decimal": 59090
    },
    {
      "icon_id": "8761007",
      "name": "关 闭",
      "font_class": "guanbi5",
      "unicode": "e6d4",
      "unicode_decimal": 59092
    },
    {
      "icon_id": "10121187",
      "name": "眼睛",
      "font_class": "yanjing2",
      "unicode": "e6d5",
      "unicode_decimal": 59093
    },
    {
      "icon_id": "10538370",
      "name": "任务",
      "font_class": "renwu1",
      "unicode": "e6d7",
      "unicode_decimal": 59095
    },
    {
      "icon_id": "11614264",
      "name": "bianji@2x",
      "font_class": "bianjix",
      "unicode": "e6cd",
      "unicode_decimal": 59085
    },
    {
      "icon_id": "4867616",
      "name": "文件夹-打开",
      "font_class": "wenjianjia-dakai",
      "unicode": "e6bb",
      "unicode_decimal": 59067
    },
    {
      "icon_id": "2056958",
      "name": "评论",
      "font_class": "pinglun",
      "unicode": "e6c6",
      "unicode_decimal": 59078
    },
    {
      "icon_id": "3363044",
      "name": "抄送",
      "font_class": "chaosong",
      "unicode": "e6c9",
      "unicode_decimal": 59081
    },
    {
      "icon_id": "5773386",
      "name": "下载",
      "font_class": "xiazai3",
      "unicode": "e6cb",
      "unicode_decimal": 59083
    },
    {
      "icon_id": "10166007",
      "name": "翻页 ",
      "font_class": "fanye",
      "unicode": "e6cc",
      "unicode_decimal": 59084
    },
    {
      "icon_id": "6579196",
      "name": "放大",
      "font_class": "expand",
      "unicode": "e6c7",
      "unicode_decimal": 59079
    },
    {
      "icon_id": "8121114",
      "name": "缩小",
      "font_class": "suoxiao1",
      "unicode": "e6c8",
      "unicode_decimal": 59080
    },
    {
      "icon_id": "8290034",
      "name": "重复",
      "font_class": "zhongfu1",
      "unicode": "e6bc",
      "unicode_decimal": 59068
    },
    {
      "icon_id": "9694877",
      "name": "任务",
      "font_class": "renwu",
      "unicode": "e6bd",
      "unicode_decimal": 59069
    },
    {
      "icon_id": "7408324",
      "name": "loading",
      "font_class": "loading1",
      "unicode": "e6a8",
      "unicode_decimal": 59048
    },
    {
      "icon_id": "1388117",
      "name": "loading",
      "font_class": "loading",
      "unicode": "e6c5",
      "unicode_decimal": 59077
    },
    {
      "icon_id": "11351918",
      "name": "调整版@3",
      "font_class": "tiaozhengban",
      "unicode": "e6c4",
      "unicode_decimal": 59076
    },
    {
      "icon_id": "11340927",
      "name": "形状结合@3",
      "font_class": "xingzhuangjiehe",
      "unicode": "e6bf",
      "unicode_decimal": 59071
    },
    {
      "icon_id": "11340027",
      "name": "闹钟",
      "font_class": "naozhong-copy",
      "unicode": "ee7b",
      "unicode_decimal": 61051
    },
    {
      "icon_id": "2013369",
      "name": "时间",
      "font_class": "time1",
      "unicode": "e698",
      "unicode_decimal": 59032
    },
    {
      "icon_id": "2340384",
      "name": "地址",
      "font_class": "dizhi1",
      "unicode": "e706",
      "unicode_decimal": 59142
    },
    {
      "icon_id": "2884412",
      "name": "题目",
      "font_class": "subject",
      "unicode": "e65d",
      "unicode_decimal": 58973
    },
    {
      "icon_id": "3197779",
      "name": "方案描述",
      "font_class": "fanganmiaoshu",
      "unicode": "e69e",
      "unicode_decimal": 59038
    },
    {
      "icon_id": "3621784",
      "name": "提醒",
      "font_class": "tixing",
      "unicode": "e6a0",
      "unicode_decimal": 59040
    },
    {
      "icon_id": "7427356",
      "name": "参与人数",
      "font_class": "canyurenshu",
      "unicode": "e6a3",
      "unicode_decimal": 59043
    },
    {
      "icon_id": "8280610",
      "name": "闹钟",
      "font_class": "naozhong",
      "unicode": "e6a5",
      "unicode_decimal": 59045
    },
    {
      "icon_id": "9609933",
      "name": "添 加",
      "font_class": "tianjia4",
      "unicode": "e6af",
      "unicode_decimal": 59055
    },
    {
      "icon_id": "9617625",
      "name": "附件",
      "font_class": "fujian1",
      "unicode": "e6be",
      "unicode_decimal": 59070
    },
    {
      "icon_id": "11318385",
      "name": "形状结合关闭",
      "font_class": "xingzhuangjieheguanbi",
      "unicode": "e657",
      "unicode_decimal": 58967
    },
    {
      "icon_id": "11318349",
      "name": "三角形备份 2日月切换",
      "font_class": "sanjiaoxingbeifenriyueqiehuan",
      "unicode": "e656",
      "unicode_decimal": 58966
    },
    {
      "icon_id": "11318256",
      "name": "编组 4删除",
      "font_class": "bianzushanchu",
      "unicode": "e655",
      "unicode_decimal": 58965
    },
    {
      "icon_id": "5330955",
      "name": "展开查看全部-医生端",
      "font_class": "zhankaichakanquanbu-yishengduan",
      "unicode": "e69b",
      "unicode_decimal": 59035
    },
    {
      "icon_id": "11064489",
      "name": "公司 logo",
      "font_class": "gongsilogo",
      "unicode": "e69d",
      "unicode_decimal": 59037
    },
    {
      "icon_id": "6521364",
      "name": "点赞",
      "font_class": "dianzan2",
      "unicode": "e6ca",
      "unicode_decimal": 59082
    },
    {
      "icon_id": "9405677",
      "name": "返回",
      "font_class": "fanhui",
      "unicode": "e889",
      "unicode_decimal": 59529
    },
    {
      "icon_id": "11017373",
      "name": "未知文件",
      "font_class": "weizhiwenjian",
      "unicode": "e696",
      "unicode_decimal": 59030
    },
    {
      "icon_id": "6405876",
      "name": "文件",
      "font_class": "wenjian2",
      "unicode": "e694",
      "unicode_decimal": 59028
    },
    {
      "icon_id": "11015578",
      "name": "ppt2",
      "font_class": "ppt",
      "unicode": "e66a",
      "unicode_decimal": 58986
    },
    {
      "icon_id": "10967455",
      "name": "icone",
      "font_class": "excel",
      "unicode": "e6c0",
      "unicode_decimal": 59072
    },
    {
      "icon_id": "10967457",
      "name": "iconwenhao",
      "font_class": "iconwenhao1",
      "unicode": "e6c1",
      "unicode_decimal": 59073
    },
    {
      "icon_id": "10967459",
      "name": "iconw",
      "font_class": "word",
      "unicode": "e6c2",
      "unicode_decimal": 59074
    },
    {
      "icon_id": "10967460",
      "name": "iconpdf",
      "font_class": "PDF",
      "unicode": "e6c3",
      "unicode_decimal": 59075
    },
    {
      "icon_id": "10966509",
      "name": "icontu",
      "font_class": "icontu",
      "unicode": "e6ba",
      "unicode_decimal": 59066
    },
    {
      "icon_id": "10957617",
      "name": "iconshanchu-3",
      "font_class": "iconshanchu-",
      "unicode": "e6b6",
      "unicode_decimal": 59062
    },
    {
      "icon_id": "10957620",
      "name": "iconbianji",
      "font_class": "iconbianji1",
      "unicode": "e6b8",
      "unicode_decimal": 59064
    },
    {
      "icon_id": "10957621",
      "name": "icontianjia-",
      "font_class": "icontianjia-1",
      "unicode": "e6b9",
      "unicode_decimal": 59065
    },
    {
      "icon_id": "10957613",
      "name": "icontianjia-",
      "font_class": "icontianjia-",
      "unicode": "e6b4",
      "unicode_decimal": 59060
    },
    {
      "icon_id": "10957604",
      "name": "iconbianji",
      "font_class": "iconbianji",
      "unicode": "e6b5",
      "unicode_decimal": 59061
    },
    {
      "icon_id": "10947777",
      "name": "iconcha",
      "font_class": "iconcha",
      "unicode": "e6b2",
      "unicode_decimal": 59058
    },
    {
      "icon_id": "10947635",
      "name": "icontianjia",
      "font_class": "icontianjia",
      "unicode": "e6b1",
      "unicode_decimal": 59057
    },
    {
      "icon_id": "1183065",
      "name": "分享",
      "font_class": "fenxiang",
      "unicode": "e695",
      "unicode_decimal": 59029
    },
    {
      "icon_id": "2827347",
      "name": "更多",
      "font_class": "gengduo2",
      "unicode": "e697",
      "unicode_decimal": 59031
    },
    {
      "icon_id": "6977826",
      "name": "共享",
      "font_class": "gongxiang",
      "unicode": "e6a1",
      "unicode_decimal": 59041
    },
    {
      "icon_id": "7043642",
      "name": "定位",
      "font_class": "dingwei2",
      "unicode": "e6a2",
      "unicode_decimal": 59042
    },
    {
      "icon_id": "7381969",
      "name": "网络异常",
      "font_class": "wangluoyichang",
      "unicode": "e6a4",
      "unicode_decimal": 59044
    },
    {
      "icon_id": "9137014",
      "name": "暂无权限",
      "font_class": "zanwuquanxian",
      "unicode": "e6a6",
      "unicode_decimal": 59046
    },
    {
      "icon_id": "9146318",
      "name": "图片加载失败",
      "font_class": "tupianjiazaishibai1",
      "unicode": "e6a7",
      "unicode_decimal": 59047
    },
    {
      "icon_id": "9768434",
      "name": "对号",
      "font_class": "duihao",
      "unicode": "e6a9",
      "unicode_decimal": 59049
    },
    {
      "icon_id": "10811790",
      "name": "后退",
      "font_class": "houtui",
      "unicode": "e693",
      "unicode_decimal": 59027
    },
    {
      "icon_id": "10811636",
      "name": "关闭",
      "font_class": "guanbi4",
      "unicode": "e674",
      "unicode_decimal": 58996
    },
    {
      "icon_id": "10811638",
      "name": "加号",
      "font_class": "jiahao",
      "unicode": "e675",
      "unicode_decimal": 58997
    },
    {
      "icon_id": "10811639",
      "name": "前进",
      "font_class": "qianjin",
      "unicode": "e676",
      "unicode_decimal": 58998
    },
    {
      "icon_id": "10811640",
      "name": "收起",
      "font_class": "shouqi1",
      "unicode": "e67f",
      "unicode_decimal": 59007
    },
    {
      "icon_id": "10811641",
      "name": "旗帜",
      "font_class": "qizhi",
      "unicode": "e684",
      "unicode_decimal": 59012
    },
    {
      "icon_id": "10811642",
      "name": "点赞",
      "font_class": "dianzan1",
      "unicode": "e685",
      "unicode_decimal": 59013
    },
    {
      "icon_id": "10811643",
      "name": "日期",
      "font_class": "riqi",
      "unicode": "e686",
      "unicode_decimal": 59014
    },
    {
      "icon_id": "10811644",
      "name": "添加工作",
      "font_class": "tianjiagongzuo",
      "unicode": "e687",
      "unicode_decimal": 59015
    },
    {
      "icon_id": "10811645",
      "name": "添加工作1",
      "font_class": "tianjiagongzuo1",
      "unicode": "e689",
      "unicode_decimal": 59017
    },
    {
      "icon_id": "10811646",
      "name": "右箭头",
      "font_class": "youjiantou",
      "unicode": "e68a",
      "unicode_decimal": 59018
    },
    {
      "icon_id": "10811647",
      "name": "执行人",
      "font_class": "zhihangren",
      "unicode": "e68b",
      "unicode_decimal": 59019
    },
    {
      "icon_id": "10811648",
      "name": "左箭头",
      "font_class": "zuojiantou",
      "unicode": "e68d",
      "unicode_decimal": 59021
    },
    {
      "icon_id": "10811649",
      "name": "展开",
      "font_class": "zhankai6",
      "unicode": "e68e",
      "unicode_decimal": 59022
    },
    {
      "icon_id": "10811650",
      "name": "未完成",
      "font_class": "weiwancheng",
      "unicode": "e68f",
      "unicode_decimal": 59023
    },
    {
      "icon_id": "10811651",
      "name": "抄送人",
      "font_class": "chaosongren",
      "unicode": "e692",
      "unicode_decimal": 59026
    },
    {
      "icon_id": "1401513",
      "name": "pin",
      "font_class": "pin",
      "unicode": "e678",
      "unicode_decimal": 59000
    },
    {
      "icon_id": "1672197",
      "name": "添加表情",
      "font_class": "tianjiabiaoqing",
      "unicode": "e665",
      "unicode_decimal": 58981
    },
    {
      "icon_id": "1983327",
      "name": "放大",
      "font_class": "fangda",
      "unicode": "e666",
      "unicode_decimal": 58982
    },
    {
      "icon_id": "2472415",
      "name": "下载",
      "font_class": "xiazai2",
      "unicode": "e668",
      "unicode_decimal": 58984
    },
    {
      "icon_id": "2854974",
      "name": "选择",
      "font_class": "xuanze",
      "unicode": "e669",
      "unicode_decimal": 58985
    },
    {
      "icon_id": "4681391",
      "name": "缩小",
      "font_class": "suoxiao",
      "unicode": "e679",
      "unicode_decimal": 59001
    },
    {
      "icon_id": "5695486",
      "name": "刷新",
      "font_class": "shuaxin1",
      "unicode": "e6de",
      "unicode_decimal": 59102
    },
    {
      "icon_id": "5977152",
      "name": "手指",
      "font_class": "shouzhi",
      "unicode": "e6b0",
      "unicode_decimal": 59056
    },
    {
      "icon_id": "6178577",
      "name": "分享",
      "font_class": "tuiguang",
      "unicode": "e66c",
      "unicode_decimal": 58988
    },
    {
      "icon_id": "6756657",
      "name": "加号（添加）",
      "font_class": "icon-add",
      "unicode": "e66d",
      "unicode_decimal": 58989
    },
    {
      "icon_id": "7359274",
      "name": "服务器出错",
      "font_class": "fuwuqichucuo",
      "unicode": "e66e",
      "unicode_decimal": 58990
    },
    {
      "icon_id": "8214972",
      "name": "unpin",
      "font_class": "unpin",
      "unicode": "e69a",
      "unicode_decimal": 59034
    },
    {
      "icon_id": "9017530",
      "name": "添加图片",
      "font_class": "tianjiatupian",
      "unicode": "e66f",
      "unicode_decimal": 58991
    },
    {
      "icon_id": "9176895",
      "name": "翻页右",
      "font_class": "fanyeyou",
      "unicode": "e672",
      "unicode_decimal": 58994
    },
    {
      "icon_id": "9176897",
      "name": "翻页左",
      "font_class": "fanyezuo",
      "unicode": "e673",
      "unicode_decimal": 58995
    },
    {
      "icon_id": "9827275",
      "name": "展开",
      "font_class": "zhankai5",
      "unicode": "e680",
      "unicode_decimal": 59008
    },
    {
      "icon_id": "10204003",
      "name": "日历",
      "font_class": "rili2",
      "unicode": "e6ad",
      "unicode_decimal": 59053
    },
    {
      "icon_id": "9567023",
      "name": "mac-line",
      "font_class": "mac-line",
      "unicode": "e8de",
      "unicode_decimal": 59614
    },
    {
      "icon_id": "848780",
      "name": "图钉",
      "font_class": "tuding",
      "unicode": "e662",
      "unicode_decimal": 58978
    },
    {
      "icon_id": "914198",
      "name": "播放 (1)",
      "font_class": "bofang1",
      "unicode": "e663",
      "unicode_decimal": 58979
    },
    {
      "icon_id": "2876263",
      "name": "相机",
      "font_class": "xiangji",
      "unicode": "e664",
      "unicode_decimal": 58980
    },
    {
      "icon_id": "3009340",
      "name": "钉0",
      "font_class": "ding",
      "unicode": "e67e",
      "unicode_decimal": 59006
    },
    {
      "icon_id": "3086690",
      "name": "更改时间",
      "font_class": "genggaishijian",
      "unicode": "e69f",
      "unicode_decimal": 59039
    },
    {
      "icon_id": "4601149",
      "name": "同意",
      "font_class": "tongyi",
      "unicode": "e688",
      "unicode_decimal": 59016
    },
    {
      "icon_id": "9731747",
      "name": "拒绝",
      "font_class": "jujue",
      "unicode": "e667",
      "unicode_decimal": 58983
    },
    {
      "icon_id": "9756845",
      "name": "暂停 (1)",
      "font_class": "zanting1",
      "unicode": "e7d8",
      "unicode_decimal": 59352
    },
    {
      "icon_id": "1519166",
      "name": "常见问题",
      "font_class": "changjianwenti",
      "unicode": "e660",
      "unicode_decimal": 58976
    },
    {
      "icon_id": "5563137",
      "name": "更多",
      "font_class": "gengduo3",
      "unicode": "e661",
      "unicode_decimal": 58977
    },
    {
      "icon_id": "6964591",
      "name": "取消上传16",
      "font_class": "quxiaoshangchuan",
      "unicode": "e726",
      "unicode_decimal": 59174
    },
    {
      "icon_id": "2904864",
      "name": "职级2",
      "font_class": "zhiji",
      "unicode": "e67d",
      "unicode_decimal": 59005
    },
    {
      "icon_id": "8127236",
      "name": "删 除 (1)",
      "font_class": "delete",
      "unicode": "e65e",
      "unicode_decimal": 58974
    },
    {
      "icon_id": "8140978",
      "name": "最大化",
      "font_class": "zuidahua1",
      "unicode": "e65c",
      "unicode_decimal": 58972
    },
    {
      "icon_id": "2528702",
      "name": "最小化",
      "font_class": "zuixiaohua2",
      "unicode": "e65b",
      "unicode_decimal": 58971
    },
    {
      "icon_id": "4727106",
      "name": "关 闭",
      "font_class": "guanbi3",
      "unicode": "e6ed",
      "unicode_decimal": 59117
    },
    {
      "icon_id": "5122567",
      "name": "最大化",
      "font_class": "zuidahua",
      "unicode": "e659",
      "unicode_decimal": 58969
    },
    {
      "icon_id": "2915672",
      "name": "日历",
      "font_class": "rili1",
      "unicode": "e677",
      "unicode_decimal": 58999
    },
    {
      "icon_id": "3173872",
      "name": "全屏",
      "font_class": "quanping",
      "unicode": "e650",
      "unicode_decimal": 58960
    },
    {
      "icon_id": "5102372",
      "name": "关 闭",
      "font_class": "guanbi2",
      "unicode": "e652",
      "unicode_decimal": 58962
    },
    {
      "icon_id": "7381635",
      "name": "最小化",
      "font_class": "zuixiaohua1",
      "unicode": "e653",
      "unicode_decimal": 58963
    },
    {
      "icon_id": "3208987",
      "name": "最小化",
      "font_class": "zuixiaohua",
      "unicode": "e651",
      "unicode_decimal": 58961
    },
    {
      "icon_id": "6373961",
      "name": "日程",
      "font_class": "richeng",
      "unicode": "e64f",
      "unicode_decimal": 58959
    },
    {
      "icon_id": "3861936",
      "name": "Chrome",
      "font_class": "Chrome",
      "unicode": "e64d",
      "unicode_decimal": 58957
    },
    {
      "icon_id": "7050485",
      "name": "置顶",
      "font_class": "zhiding1",
      "unicode": "e683",
      "unicode_decimal": 59011
    },
    {
      "icon_id": "1305637",
      "name": "笔",
      "font_class": "bi",
      "unicode": "e647",
      "unicode_decimal": 58951
    },
    {
      "icon_id": "2997427",
      "name": "箭头",
      "font_class": "arrowTop-copy",
      "unicode": "e644",
      "unicode_decimal": 58948
    },
    {
      "icon_id": "4138754",
      "name": "框选",
      "font_class": "kuangxuan",
      "unicode": "e649",
      "unicode_decimal": 58953
    },
    {
      "icon_id": "6939462",
      "name": "对",
      "font_class": "dui",
      "unicode": "ee7a",
      "unicode_decimal": 61050
    },
    {
      "icon_id": "7138957",
      "name": "关闭",
      "font_class": "guanbi1",
      "unicode": "e64c",
      "unicode_decimal": 58956
    },
    {
      "icon_id": "3220602",
      "name": "关于",
      "font_class": "about",
      "unicode": "e63d",
      "unicode_decimal": 58941
    },
    {
      "icon_id": "3248001",
      "name": "描述",
      "font_class": "miaoshu",
      "unicode": "e641",
      "unicode_decimal": 58945
    },
    {
      "icon_id": "4020829",
      "name": "更多",
      "font_class": "gengduo1",
      "unicode": "e642",
      "unicode_decimal": 58946
    },
    {
      "icon_id": "9171042",
      "name": "合并转发",
      "font_class": "hebingzhuanfa",
      "unicode": "e643",
      "unicode_decimal": 58947
    },
    {
      "icon_id": "8741349",
      "name": "复制到",
      "font_class": "fuzhidao1",
      "unicode": "e62f",
      "unicode_decimal": 58927
    },
    {
      "icon_id": "912325",
      "name": "挂断",
      "font_class": "hang",
      "unicode": "e62d",
      "unicode_decimal": 58925
    },
    {
      "icon_id": "1808288",
      "name": "展开",
      "font_class": "zhankai3",
      "unicode": "e6ae",
      "unicode_decimal": 59054
    },
    {
      "icon_id": "2743914",
      "name": "不重复",
      "font_class": "buzhongfu",
      "unicode": "e6da",
      "unicode_decimal": 59098
    },
    {
      "icon_id": "3300178",
      "name": "16_消息列表-发送中",
      "font_class": "_xiaoxiliebiao-fasongzhong",
      "unicode": "e705",
      "unicode_decimal": 59141
    },
    {
      "icon_id": "3592062",
      "name": "更新",
      "font_class": "gengxin",
      "unicode": "e635",
      "unicode_decimal": 58933
    },
    {
      "icon_id": "3846728",
      "name": "加载中",
      "font_class": "jiazaizhong",
      "unicode": "e637",
      "unicode_decimal": 58935
    },
    {
      "icon_id": "4078535",
      "name": "日程",
      "font_class": "icon_gongzuo_richengx",
      "unicode": "e67c",
      "unicode_decimal": 59004
    },
    {
      "icon_id": "4775249",
      "name": "收起",
      "font_class": "shouqi",
      "unicode": "e6fc",
      "unicode_decimal": 59132
    },
    {
      "icon_id": "5103339",
      "name": "转发",
      "font_class": "zhuanfa1",
      "unicode": "e639",
      "unicode_decimal": 58937
    },
    {
      "icon_id": "5847713",
      "name": "失败",
      "font_class": "shibai",
      "unicode": "e654",
      "unicode_decimal": 58964
    },
    {
      "icon_id": "6474358",
      "name": "表情",
      "font_class": "biaoqing1",
      "unicode": "e63b",
      "unicode_decimal": 58939
    },
    {
      "icon_id": "6895032",
      "name": "打开",
      "font_class": "dakai",
      "unicode": "e63c",
      "unicode_decimal": 58940
    },
    {
      "icon_id": "7424444",
      "name": "多选_画板 1",
      "font_class": "duoxuan_huaban",
      "unicode": "e65a",
      "unicode_decimal": 58970
    },
    {
      "icon_id": "7569406",
      "name": "语音转文字",
      "font_class": "yuyinzhuanwenzi",
      "unicode": "e713",
      "unicode_decimal": 59155
    },
    {
      "icon_id": "7900855",
      "name": "无权限",
      "font_class": "wuquanxian",
      "unicode": "e71c",
      "unicode_decimal": 59164
    },
    {
      "icon_id": "8156891",
      "name": "日志",
      "font_class": "rizhi",
      "unicode": "e63f",
      "unicode_decimal": 58943
    },
    {
      "icon_id": "9112185",
      "name": "视频文件",
      "font_class": "AVIshipinwenjian",
      "unicode": "e867",
      "unicode_decimal": 59495
    },
    {
      "icon_id": "8857580",
      "name": "半个叶子",
      "font_class": "bangeyezi",
      "unicode": "e62a",
      "unicode_decimal": 58922
    },
    {
      "icon_id": "7644440",
      "name": "添加",
      "font_class": "tianjia3",
      "unicode": "e627",
      "unicode_decimal": 58919
    },
    {
      "icon_id": "9906395",
      "name": "人员",
      "font_class": "renyuan-copy",
      "unicode": "ec12",
      "unicode_decimal": 60434
    },
    {
      "icon_id": "729653",
      "name": "通话-02",
      "font_class": "tonghua02",
      "unicode": "e631",
      "unicode_decimal": 58929
    },
    {
      "icon_id": "1159727",
      "name": "箭头",
      "font_class": "button-arrow-1-copy-copy",
      "unicode": "e619",
      "unicode_decimal": 58905
    },
    {
      "icon_id": "1426294",
      "name": "时间",
      "font_class": "time",
      "unicode": "e61a",
      "unicode_decimal": 58906
    },
    {
      "icon_id": "1828429",
      "name": "日志",
      "font_class": "portal-icon-rizhi",
      "unicode": "e645",
      "unicode_decimal": 58949
    },
    {
      "icon_id": "2068262",
      "name": "地图",
      "font_class": "ditu",
      "unicode": "e6ec",
      "unicode_decimal": 59116
    },
    {
      "icon_id": "2319354",
      "name": "回复",
      "font_class": "huifu",
      "unicode": "e621",
      "unicode_decimal": 58913
    },
    {
      "icon_id": "2745699",
      "name": "下载",
      "font_class": "xiazai1",
      "unicode": "e63a",
      "unicode_decimal": 58938
    },
    {
      "icon_id": "2746057",
      "name": "附件",
      "font_class": "files",
      "unicode": "e6b3",
      "unicode_decimal": 59059
    },
    {
      "icon_id": "3112319",
      "name": "设置",
      "font_class": "shezhi",
      "unicode": "e622",
      "unicode_decimal": 58914
    },
    {
      "icon_id": "3338469",
      "name": "展开",
      "font_class": "zhankai2",
      "unicode": "e6d6",
      "unicode_decimal": 59094
    },
    {
      "icon_id": "3720874",
      "name": "日程管理",
      "font_class": "richengguanli",
      "unicode": "e624",
      "unicode_decimal": 58916
    },
    {
      "icon_id": "4263547",
      "name": "地址",
      "font_class": "dizhi",
      "unicode": "e69c",
      "unicode_decimal": 59036
    },
    {
      "icon_id": "4770504",
      "name": "下 拉",
      "font_class": "tri-down",
      "unicode": "e625",
      "unicode_decimal": 58917
    },
    {
      "icon_id": "4802794",
      "name": "转发",
      "font_class": "zhuanfa",
      "unicode": "e626",
      "unicode_decimal": 58918
    },
    {
      "icon_id": "5213427",
      "name": "复制",
      "font_class": "fuzhi",
      "unicode": "e68c",
      "unicode_decimal": 59020
    },
    {
      "icon_id": "5820452",
      "name": "附件",
      "font_class": "fujian",
      "unicode": "e65f",
      "unicode_decimal": 58975
    },
    {
      "icon_id": "5943293",
      "name": "添加",
      "font_class": "icon1911",
      "unicode": "e628",
      "unicode_decimal": 58920
    },
    {
      "icon_id": "6675558",
      "name": "语音通话",
      "font_class": "yuyintonghua1",
      "unicode": "e629",
      "unicode_decimal": 58921
    },
    {
      "icon_id": "7376848",
      "name": "人员",
      "font_class": "renyuan",
      "unicode": "e640",
      "unicode_decimal": 58944
    },
    {
      "icon_id": "7930311",
      "name": "重复",
      "font_class": "zhongfu",
      "unicode": "e66b",
      "unicode_decimal": 58987
    },
    {
      "icon_id": "8559249",
      "name": "纳税人学堂",
      "font_class": "nashuirenxuetang",
      "unicode": "e9cd",
      "unicode_decimal": 59853
    },
    {
      "icon_id": "9295572",
      "name": "撤回",
      "font_class": "chehui",
      "unicode": "e7f4",
      "unicode_decimal": 59380
    },
    {
      "icon_id": "7912247",
      "name": "直角",
      "font_class": "leftMark",
      "unicode": "e618",
      "unicode_decimal": 58904
    },
    {
      "icon_id": "1838422",
      "name": "叹号",
      "font_class": "tanhao",
      "unicode": "e67b",
      "unicode_decimal": 59003
    },
    {
      "icon_id": "1711365",
      "name": "筛选",
      "font_class": "shaixuan",
      "unicode": "e735",
      "unicode_decimal": 59189
    },
    {
      "icon_id": "2043188",
      "name": "关注",
      "font_class": "guanzhu",
      "unicode": "e617",
      "unicode_decimal": 58903
    },
    {
      "icon_id": "6596321",
      "name": "关注",
      "font_class": "guanzhu1",
      "unicode": "e61c",
      "unicode_decimal": 58908
    },
    {
      "icon_id": "2993846",
      "name": "图片加载失败",
      "font_class": "tupianjiazaishibai",
      "unicode": "e6ac",
      "unicode_decimal": 59052
    },
    {
      "icon_id": "2745360",
      "name": "添加",
      "font_class": "tianjia2",
      "unicode": "e613",
      "unicode_decimal": 58899
    },
    {
      "icon_id": "4781620",
      "name": "展开",
      "font_class": "zhankai1",
      "unicode": "e612",
      "unicode_decimal": 58898
    },
    {
      "icon_id": "7423904",
      "name": "预览",
      "font_class": "yulan",
      "unicode": "e6d3",
      "unicode_decimal": 59091
    },
    {
      "icon_id": "263729",
      "name": "群组",
      "font_class": "demo30",
      "unicode": "e615",
      "unicode_decimal": 58901
    },
    {
      "icon_id": "3915577",
      "name": "通讯录",
      "font_class": "tongxunlu1",
      "unicode": "e62b",
      "unicode_decimal": 58923
    },
    {
      "icon_id": "7897775",
      "name": "展 开",
      "font_class": "zhankai",
      "unicode": "e611",
      "unicode_decimal": 58897
    },
    {
      "icon_id": "4104817",
      "name": "添加",
      "font_class": "icon191",
      "unicode": "e610",
      "unicode_decimal": 58896
    },
    {
      "icon_id": "8488781",
      "name": "退出",
      "font_class": "tuichu",
      "unicode": "e60e",
      "unicode_decimal": 58894
    },
    {
      "icon_id": "5224076",
      "name": "暂停",
      "font_class": "zanting",
      "unicode": "e64e",
      "unicode_decimal": 58958
    },
    {
      "icon_id": "1406347",
      "name": "搜索 (1)",
      "font_class": "sousuo1",
      "unicode": "e616",
      "unicode_decimal": 58902
    },
    {
      "icon_id": "513817",
      "name": "传文件",
      "font_class": "iconfile",
      "unicode": "e630",
      "unicode_decimal": 58928
    },
    {
      "icon_id": "950075",
      "name": "公告",
      "font_class": "gonggao",
      "unicode": "e671",
      "unicode_decimal": 58993
    },
    {
      "icon_id": "1024439",
      "name": "公告",
      "font_class": "gonggao1",
      "unicode": "e60c",
      "unicode_decimal": 58892
    },
    {
      "icon_id": "1388131",
      "name": "pdf",
      "font_class": "pdf2",
      "unicode": "e61b",
      "unicode_decimal": 58907
    },
    {
      "icon_id": "1971195",
      "name": "添加",
      "font_class": "tianjia1",
      "unicode": "e634",
      "unicode_decimal": 58932
    },
    {
      "icon_id": "2336266",
      "name": "消息免打扰",
      "font_class": "xiaoximiandarao",
      "unicode": "e636",
      "unicode_decimal": 58934
    },
    {
      "icon_id": "2720693",
      "name": "艾特",
      "font_class": "aite",
      "unicode": "e61f",
      "unicode_decimal": 58911
    },
    {
      "icon_id": "3620591",
      "name": "组织架构",
      "font_class": "zuzhijiagou",
      "unicode": "e691",
      "unicode_decimal": 59025
    },
    {
      "icon_id": "3699952",
      "name": "图片",
      "font_class": "tupian",
      "unicode": "e690",
      "unicode_decimal": 59024
    },
    {
      "icon_id": "3790212",
      "name": "添加用户",
      "font_class": "tianjiayonghu",
      "unicode": "e804",
      "unicode_decimal": 59396
    },
    {
      "icon_id": "4412073",
      "name": "合作",
      "font_class": "hezuo",
      "unicode": "e83c",
      "unicode_decimal": 59452
    },
    {
      "icon_id": "4685336",
      "name": "公告",
      "font_class": "gonggao2",
      "unicode": "e60d",
      "unicode_decimal": 58893
    },
    {
      "icon_id": "5744659",
      "name": "图片",
      "font_class": "tupian1",
      "unicode": "e751",
      "unicode_decimal": 59217
    },
    {
      "icon_id": "7723901",
      "name": "删  除",
      "font_class": "shanchu",
      "unicode": "e63e",
      "unicode_decimal": 58942
    },
    {
      "icon_id": "1541328",
      "name": "隐藏密码",
      "font_class": "yincangmima",
      "unicode": "e620",
      "unicode_decimal": 58912
    },
    {
      "icon_id": "5806392",
      "name": "显示",
      "font_class": "xianshi",
      "unicode": "e701",
      "unicode_decimal": 59137
    },
    {
      "icon_id": "5870489",
      "name": "免打扰",
      "font_class": "miandarao",
      "unicode": "e60b",
      "unicode_decimal": 58891
    },
    {
      "icon_id": "5861886",
      "name": "三角下标（正方形）",
      "font_class": "right-flag-2-copy",
      "unicode": "e60a",
      "unicode_decimal": 58890
    },
    {
      "icon_id": "2903231",
      "name": "加好-01",
      "font_class": "jiahao-",
      "unicode": "e614",
      "unicode_decimal": 58900
    },
    {
      "icon_id": "8080532",
      "name": "编辑",
      "font_class": "bianji",
      "unicode": "ec11",
      "unicode_decimal": 60433
    },
    {
      "icon_id": "1225111",
      "name": "播放",
      "font_class": "bofang",
      "unicode": "e646",
      "unicode_decimal": 58950
    },
    {
      "icon_id": "6925274",
      "name": "刷新",
      "font_class": "shuaxin",
      "unicode": "e682",
      "unicode_decimal": 59010
    },
    {
      "icon_id": "6555688",
      "name": "关 闭",
      "font_class": "guanbi",
      "unicode": "e62c",
      "unicode_decimal": 58924
    },
    {
      "icon_id": "6062062",
      "name": "部门",
      "font_class": "bumen",
      "unicode": "e609",
      "unicode_decimal": 58889
    },
    {
      "icon_id": "7560485",
      "name": "选中",
      "font_class": "xuanzhong",
      "unicode": "e670",
      "unicode_decimal": 58992
    },
    {
      "icon_id": "5319891",
      "name": "下载",
      "font_class": "xiazai",
      "unicode": "e60f",
      "unicode_decimal": 58895
    },
    {
      "icon_id": "4136039",
      "name": "20视频文件",
      "font_class": "shipinwenjian",
      "unicode": "e638",
      "unicode_decimal": 58936
    },
    {
      "icon_id": "4859533",
      "name": "置顶",
      "font_class": "zhiding",
      "unicode": "e602",
      "unicode_decimal": 58882
    },
    {
      "icon_id": "3530795",
      "name": "添加",
      "font_class": "tianjia",
      "unicode": "e608",
      "unicode_decimal": 58888
    },
    {
      "icon_id": "2577393",
      "name": "通知",
      "font_class": "tongzhi",
      "unicode": "e605",
      "unicode_decimal": 58885
    },
    {
      "icon_id": "6985065",
      "name": "文件",
      "font_class": "yunpan1",
      "unicode": "e62e",
      "unicode_decimal": 58926
    },
    {
      "icon_id": "7482519",
      "name": "工作汇报",
      "font_class": "huibao",
      "unicode": "e769",
      "unicode_decimal": 59241
    },
    {
      "icon_id": "8026102",
      "name": "周报 (1)",
      "font_class": "zhoubao",
      "unicode": "e64b",
      "unicode_decimal": 58955
    },
    {
      "icon_id": "1883318",
      "name": "搜索",
      "font_class": "sousuo",
      "unicode": "e67a",
      "unicode_decimal": 59002
    },
    {
      "icon_id": "5833548",
      "name": "日历",
      "font_class": "rili",
      "unicode": "e64a",
      "unicode_decimal": 58954
    },
    {
      "icon_id": "5287937",
      "name": "视频",
      "font_class": "shipin",
      "unicode": "e623",
      "unicode_decimal": 58915
    },
    {
      "icon_id": "1263284",
      "name": "文件",
      "font_class": "wenjian1",
      "unicode": "e61d",
      "unicode_decimal": 58909
    },
    {
      "icon_id": "1566731",
      "name": "gif",
      "font_class": "gif",
      "unicode": "e6ab",
      "unicode_decimal": 59051
    },
    {
      "icon_id": "3175732",
      "name": "红包",
      "font_class": "hongbao",
      "unicode": "e658",
      "unicode_decimal": 58968
    },
    {
      "icon_id": "4552092",
      "name": "点赞",
      "font_class": "dianzan",
      "unicode": "e601",
      "unicode_decimal": 58881
    },
    {
      "icon_id": "4982134",
      "name": "截图",
      "font_class": "jietu",
      "unicode": "e607",
      "unicode_decimal": 58887
    },
    {
      "icon_id": "5281989",
      "name": "邮件",
      "font_class": "youjian1",
      "unicode": "e6b7",
      "unicode_decimal": 59063
    },
    {
      "icon_id": "5654486",
      "name": "表情",
      "font_class": "biaoqing",
      "unicode": "e606",
      "unicode_decimal": 58886
    },
    {
      "icon_id": "6236669",
      "name": "提示 (1)",
      "font_class": "tishi",
      "unicode": "e633",
      "unicode_decimal": 58931
    },
    {
      "icon_id": "4813133",
      "name": "邮件",
      "font_class": "youjian",
      "unicode": "ea1c",
      "unicode_decimal": 59932
    },
    {
      "icon_id": "6093855",
      "name": "应用",
      "font_class": "yingyong",
      "unicode": "e648",
      "unicode_decimal": 58952
    },
    {
      "icon_id": "6133371",
      "name": "通讯录",
      "font_class": "tongxunlu",
      "unicode": "e600",
      "unicode_decimal": 58880
    },
    {
      "icon_id": "6261205",
      "name": "群聊",
      "font_class": "qunliao",
      "unicode": "e6aa",
      "unicode_decimal": 59050
    },
    {
      "icon_id": "7351954",
      "name": "文件",
      "font_class": "wenjian",
      "unicode": "e61e",
      "unicode_decimal": 58910
    },
    {
      "icon_id": "7721062",
      "name": "更多",
      "font_class": "gengduo",
      "unicode": "e604",
      "unicode_decimal": 58884
    },
    {
      "icon_id": "2001390",
      "name": "云盘",
      "font_class": "yunpan",
      "unicode": "e632",
      "unicode_decimal": 58930
    },
    {
      "icon_id": "4635973",
      "name": "聊天记录",
      "font_class": "liaotianjilu",
      "unicode": "e681",
      "unicode_decimal": 59009
    },
    {
      "icon_id": "4059447",
      "name": "消息",
      "font_class": "xiaoxi",
      "unicode": "e603",
      "unicode_decimal": 58883
    }
  ]
}
